title,registration_year,registration_date,current_status,objective,commission_answer,initiative_url,signatures_collected_by_country,signatures_countries_threshold_met_count,signatures_collected,funding_total,timeline_collection_closed,timeline_collection_start,legislation
Right2Water,2012,01/01/2012,Commission Engaged,"Implement the human right to water and sanitation as recognised by the United Nations, and promote the provision of water and sanitation as essential public services for all.","The Commission adopted a Communication responding to the Right2Water initiative, committing to assess and reinforce implementation of EU water legislation and to ensure universal access to safe drinking water. It also launched a public consultation on the Drinking Water Directive.",https://citizens-initiative.europa.eu/initiatives/right2water_en,"{""Austria"": {""statements_of_support"": ""39,695"", ""threshold"": ""14,250"", ""percentage"": ""278.56%""}, ""Belgium"": {""statements_of_support"": ""41,700"", ""threshold"": ""16,500"", ""percentage"": ""252.73%""}, ""Bulgaria"": {""statements_of_support"": ""32,413"", ""threshold"": ""13,500"", ""percentage"": ""240.10%""}, ""Croatia"": {""statements_of_support"": ""4,959"", ""threshold"": ""8,250"", ""percentage"": ""60.11%""}, ""Cyprus"": {""statements_of_support"": ""2,907"", ""threshold"": ""4,500"", ""percentage"": ""64.60%""}, ""Czechia"": {""statements_of_support"": ""20,389"", ""threshold"": ""16,500"", ""percentage"": ""123.57%""}, ""Denmark"": {""statements_of_support"": ""7,659"", ""threshold"": ""9,750"", ""percentage"": ""78.55%""}, ""Finland"": {""statements_of_support"": ""1,109"", ""threshold"": ""9,750"", ""percentage"": ""11.37%""}, ""France"": {""statements_of_support"": ""281,397"", ""threshold"": ""55,500"", ""percentage"": ""507.02%""}, ""Germany"": {""statements_of_support"": ""380,455"", ""threshold"": ""74,250"", ""percentage"": ""512.40%""}, ""Greece"": {""statements_of_support"": ""56,874"", ""threshold"": ""16,500"", ""percentage"": ""344.69%""}, ""Hungary"": {""statements_of_support"": ""40,318"", ""threshold"": ""16,500"", ""percentage"": ""244.35%""}, ""Ireland"": {""statements_of_support"": ""2,180"", ""threshold"": ""9,000"", ""percentage"": ""24.22%""}, ""Italy"": {""statements_of_support"": ""198,948"", ""threshold"": ""54,750"", ""percentage"": ""363.38%""}, ""Latvia"": {""statements_of_support"": ""4,632"", ""threshold"": ""6,750"", ""percentage"": ""68.62%""}, ""Lithuania"": {""statements_of_support"": ""19,363"", ""threshold"": ""9,000"", ""percentage"": ""215.14%""}, ""Luxembourg"": {""statements_of_support"": ""333*"", ""threshold"": ""4,500"", ""percentage"": ""7.40%""}, ""Netherlands"": {""statements_of_support"": ""84,801"", ""threshold"": ""19,500"", ""percentage"": ""434.88%""}, ""Poland"": {""statements_of_support"": ""177,747"", ""threshold"": ""38,250"", ""percentage"": ""464.70%""}, ""Portugal"": {""statements_of_support"": ""74,409"", ""threshold"": ""16,500"", ""percentage"": ""450.96%""}, ""Romania"": {""statements_of_support"": ""59,408"", ""threshold"": ""24,750"", ""percentage"": ""240.03%""}, ""Slovakia"": {""statements_of_support"": ""8,878"", ""threshold"": ""9,750"", ""percentage"": ""91.06%""}, ""Slovenia"": {""statements_of_support"": ""763"", ""threshold"": ""6,000"", ""percentage"": ""12.72%""}, ""Spain"": {""statements_of_support"": ""146,039"", ""threshold"": ""40,500"", ""percentage"": ""360.59%""}, ""Sweden"": {""statements_of_support"": ""23,425"", ""threshold"": ""15,000"", ""percentage"": ""156.17%""}, ""United Kingdom"": {""statements_of_support"": ""173,989"", ""threshold"": ""54,750"", ""percentage"": ""317.79%""}}",13.0,1884790.0,"12,980.15",25/06/2013,25/06/2012,
Stop Vivisection,2012,01/01/2012,Rejected Legislation,Abrogate Directive 2010/63/EU on the protection of animals used for scientific purposes and re-direct EU research towards human-biology-based sciences.,"The Commission, while acknowledging public concern over animal testing, concluded that an immediate abrogation of Directive 2010/63/EU would be counterproductive. It committed to further implementation of the 3Rs principle (Replace, Reduce, Refine) and to promoting the development of alternative methods.",https://citizens-initiative.europa.eu/initiatives/stop-vivisection_en,"{""Austria"": {""statements_of_support"": ""25,018"", ""threshold"": ""14,250"", ""percentage"": ""175.56%""}, ""Belgium"": {""statements_of_support"": ""3,557"", ""threshold"": ""16,500"", ""percentage"": ""21.56%""}, ""Bulgaria"": {""statements_of_support"": ""189*"", ""threshold"": ""13,500"", ""percentage"": ""1.40%""}, ""Croatia"": {""statements_of_support"": ""329"", ""threshold"": ""8,250"", ""percentage"": ""3.99%""}, ""Cyprus"": {""statements_of_support"": ""175"", ""threshold"": ""4,500"", ""percentage"": ""3.89%""}, ""Czechia"": {""statements_of_support"": ""11,777"", ""threshold"": ""16,500"", ""percentage"": ""71.38%""}, ""Denmark"": {""statements_of_support"": ""92,383"", ""threshold"": ""9,750"", ""percentage"": ""947.52%""}, ""Estonia"": {""statements_of_support"": ""6,115"", ""threshold"": ""4,500"", ""percentage"": ""135.89%""}, ""Finland"": {""statements_of_support"": ""102,275"", ""threshold"": ""9,750"", ""percentage"": ""1048.97%""}, ""France"": {""statements_of_support"": ""125,219"", ""threshold"": ""55,500"", ""percentage"": ""225.62%""}, ""Germany"": {""statements_of_support"": ""204,007"", ""threshold"": ""74,250"", ""percentage"": ""274.76%""}, ""Greece"": {""statements_of_support"": ""1,154"", ""threshold"": ""16,500"", ""percentage"": ""6.99%""}, ""Hungary"": {""statements_of_support"": ""7,946"", ""threshold"": ""16,500"", ""percentage"": ""48.16%""}, ""Ireland"": {""statements_of_support"": ""12,304"", ""threshold"": ""9,000"", ""percentage"": ""136.71%""}, ""Italy"": {""statements_of_support"": ""72,469"", ""threshold"": ""54,750"", ""percentage"": ""132.36%""}, ""Latvia"": {""statements_of_support"": ""424"", ""threshold"": ""6,750"", ""percentage"": ""6.28%""}, ""Lithuania"": {""statements_of_support"": ""22,065"", ""threshold"": ""9,000"", ""percentage"": ""245.17%""}, ""Luxembourg"": {""statements_of_support"": ""1"", ""threshold"": ""4,500"", ""percentage"": ""0.02%""}, ""Netherlands"": {""statements_of_support"": ""27,438"", ""threshold"": ""19,500"", ""percentage"": ""140.71%""}, ""Poland"": {""statements_of_support"": ""111,372"", ""threshold"": ""38,250"", ""percentage"": ""291.17%""}, ""Portugal"": {""statements_of_support"": ""13,617"", ""threshold"": ""16,500"", ""percentage"": ""82.53%""}, ""Romania"": {""statements_of_support"": ""38,324"", ""threshold"": ""24,750"", ""percentage"": ""154.84%""}, ""Slovakia"": {""statements_of_support"": ""12,609"", ""threshold"": ""9,750"", ""percentage"": ""129.32%""}, ""Slovenia"": {""statements_of_support"": ""1"", ""threshold"": ""6,000"", ""percentage"": ""0.02%""}, ""Spain"": {""statements_of_support"": ""121,183"", ""threshold"": ""40,500"", ""percentage"": ""299.22%""}, ""Sweden"": {""statements_of_support"": ""27,266"", ""threshold"": ""15,000"", ""percentage"": ""181.77%""}, ""United Kingdom"": {""statements_of_support"": ""133,913"", ""threshold"": ""54,750"", ""percentage"": ""244.59%""}}",11.0,1173130.0,"107,917.94",,,
Single Communication Tariff Act,2012,01/01/2012,Collection Unsuccessful,"Introduce a single, affordable EU-wide tariff for cross-border mobile and internet communications to eliminate roaming charges across member states.",,https://citizens-initiative.europa.eu/initiatives/single-communication-tariff_en,"{""France"": {""statements_of_support"": ""24,378"", ""threshold"": ""55,500"", ""percentage"": ""43.92%""}, ""Germany"": {""statements_of_support"": ""53,086"", ""threshold"": ""74,250"", ""percentage"": ""71.50%""}, ""Italy"": {""statements_of_support"": ""52,847"", ""threshold"": ""54,750"", ""percentage"": ""96.52%""}, ""Poland"": {""statements_of_support"": ""24,717"", ""threshold"": ""38,250"", ""percentage"": ""64.62%""}, ""United Kingdom"": {""statements_of_support"": ""80,972"", ""threshold"": ""54,750"", ""percentage"": ""147.89%""}}",3.0,236000.0,"325,139.05",03/10/2012,01/01/2012,
Minority SafePack,2013,01/01/2013,Rejected Legislation,Adopt a set of legal acts to improve the protection of persons belonging to national and linguistic minorities and strengthen cultural and linguistic diversity in the EU.,The Commission acknowledged the importance of minority rights but concluded that the proposed measures exceeded its legislative competence in several areas. It committed to monitoring compliance with fundamental rights standards in member states and to supporting minority languages through existing funding programmes.,https://citizens-initiative.europa.eu/initiatives/minority-safepack_en,"{""Austria"": {""statements_of_support"": ""26,829"", ""threshold"": ""14,250"", ""percentage"": ""188.27%""}, ""Belgium"": {""statements_of_support"": ""39,581"", ""threshold"": ""16,500"", ""percentage"": ""239.88%""}, ""Bulgaria"": {""statements_of_support"": ""3,297*"", ""threshold"": ""13,500"", ""percentage"": ""24.42%""}, ""Croatia"": {""statements_of_support"": ""3,187"", ""threshold"": ""8,250"", ""percentage"": ""38.63%""}, ""Cyprus"": {""statements_of_support"": ""24"", ""threshold"": ""4,500"", ""percentage"": ""0.53%""}, ""Czechia"": {""statements_of_support"": ""37,706"", ""threshold"": ""16,500"", ""percentage"": ""228.52%""}, ""Denmark"": {""statements_of_support"": ""9"", ""threshold"": ""9,750"", ""percentage"": ""0.09%""}, ""Estonia"": {""statements_of_support"": ""294"", ""threshold"": ""4,500"", ""percentage"": ""6.53%""}, ""Finland"": {""statements_of_support"": ""323"", ""threshold"": ""9,750"", ""percentage"": ""3.31%""}, ""France"": {""statements_of_support"": ""131,802"", ""threshold"": ""55,500"", ""percentage"": ""237.48%""}, ""Germany"": {""statements_of_support"": ""230,264"", ""threshold"": ""74,250"", ""percentage"": ""310.12%""}, ""Greece"": {""statements_of_support"": ""4,846"", ""threshold"": ""16,500"", ""percentage"": ""29.37%""}, ""Hungary"": {""statements_of_support"": ""3,850*"", ""threshold"": ""16,500"", ""percentage"": ""23.33%""}, ""Ireland"": {""statements_of_support"": ""70,229"", ""threshold"": ""9,000"", ""percentage"": ""780.32%""}, ""Italy"": {""statements_of_support"": ""209,002"", ""threshold"": ""54,750"", ""percentage"": ""381.74%""}, ""Netherlands"": {""statements_of_support"": ""1,426"", ""threshold"": ""19,500"", ""percentage"": ""7.31%""}, ""Poland"": {""statements_of_support"": ""93,063"", ""threshold"": ""38,250"", ""percentage"": ""243.30%""}, ""Portugal"": {""statements_of_support"": ""2,852"", ""threshold"": ""16,500"", ""percentage"": ""17.28%""}, ""Romania"": {""statements_of_support"": ""47,321"", ""threshold"": ""24,750"", ""percentage"": ""191.20%""}, ""Slovakia"": {""statements_of_support"": ""12,382"", ""threshold"": ""9,750"", ""percentage"": ""126.99%""}, ""Slovenia"": {""statements_of_support"": ""12,440"", ""threshold"": ""6,000"", ""percentage"": ""207.33%""}, ""Spain"": {""statements_of_support"": ""119,375"", ""threshold"": ""40,500"", ""percentage"": ""294.75%""}, ""Sweden"": {""statements_of_support"": ""93,778"", ""threshold"": ""15,000"", ""percentage"": ""625.19%""}, ""United Kingdom"": {""statements_of_support"": ""71,261"", ""threshold"": ""54,750"", ""percentage"": ""130.16%""}}",12.0,1215141.0,"42,643.70",25/11/2013,01/01/2013,
Let Me Vote,2013,01/01/2013,Collection Unsuccessful,"Allow EU citizens to vote in all elections in their member state of residence, removing restrictions on electoral participation for non-national EU residents.",,https://citizens-initiative.europa.eu/initiatives/let-me-vote_en,"{""Austria"": {""statements_of_support"": ""8,572"", ""threshold"": ""14,250"", ""percentage"": ""60.15%""}, ""Denmark"": {""statements_of_support"": ""16,444"", ""threshold"": ""9,750"", ""percentage"": ""168.66%""}, ""France"": {""statements_of_support"": ""14,314"", ""threshold"": ""55,500"", ""percentage"": ""25.79%""}, ""Germany"": {""statements_of_support"": ""29,424"", ""threshold"": ""74,250"", ""percentage"": ""39.63%""}, ""United Kingdom"": {""statements_of_support"": ""17,246"", ""threshold"": ""54,750"", ""percentage"": ""31.50%""}}",2.0,86000.0,"15,272.87",29/06/2014,29/06/2013,
New Deal for Europe,2013,01/01/2013,Collection Unsuccessful,Launch a European plan for sustainable development and quality employment financed by a tax on financial transactions to combat austerity and unemployment across member states.,,https://citizens-initiative.europa.eu/initiatives/new-deal-for-europe_en,"{""Austria"": {""statements_of_support"": ""3,661"", ""threshold"": ""14,250"", ""percentage"": ""25.69%""}, ""Belgium"": {""statements_of_support"": ""261"", ""threshold"": ""16,500"", ""percentage"": ""1.58%""}, ""Bulgaria"": {""statements_of_support"": ""1,488*"", ""threshold"": ""13,500"", ""percentage"": ""11.02%""}, ""Croatia"": {""statements_of_support"": ""1,768"", ""threshold"": ""8,250"", ""percentage"": ""21.43%""}, ""Czechia"": {""statements_of_support"": ""11,902"", ""threshold"": ""16,500"", ""percentage"": ""72.13%""}, ""Denmark"": {""statements_of_support"": ""5,217"", ""threshold"": ""9,750"", ""percentage"": ""53.51%""}, ""Finland"": {""statements_of_support"": ""17,422"", ""threshold"": ""9,750"", ""percentage"": ""178.69%""}, ""France"": {""statements_of_support"": ""57,522"", ""threshold"": ""55,500"", ""percentage"": ""103.64%""}, ""Germany"": {""statements_of_support"": ""58,455"", ""threshold"": ""74,250"", ""percentage"": ""78.73%""}, ""Greece"": {""statements_of_support"": ""369"", ""threshold"": ""16,500"", ""percentage"": ""2.24%""}, ""Hungary"": {""statements_of_support"": ""5,124"", ""threshold"": ""16,500"", ""percentage"": ""31.05%""}, ""Ireland"": {""statements_of_support"": ""5"", ""threshold"": ""9,000"", ""percentage"": ""0.06%""}, ""Italy"": {""statements_of_support"": ""31,370"", ""threshold"": ""54,750"", ""percentage"": ""57.30%""}, ""Latvia"": {""statements_of_support"": ""765"", ""threshold"": ""6,750"", ""percentage"": ""11.33%""}, ""Lithuania"": {""statements_of_support"": ""2,061"", ""threshold"": ""9,000"", ""percentage"": ""22.90%""}, ""Luxembourg"": {""statements_of_support"": ""1,953"", ""threshold"": ""4,500"", ""percentage"": ""43.40%""}, ""Netherlands"": {""statements_of_support"": ""16,677"", ""threshold"": ""19,500"", ""percentage"": ""85.52%""}, ""Poland"": {""statements_of_support"": ""7,196"", ""threshold"": ""38,250"", ""percentage"": ""18.81%""}, ""Portugal"": {""statements_of_support"": ""10,919"", ""threshold"": ""16,500"", ""percentage"": ""66.18%""}, ""Romania"": {""statements_of_support"": ""6,928"", ""threshold"": ""24,750"", ""percentage"": ""27.99%""}, ""Slovakia"": {""statements_of_support"": ""1,078"", ""threshold"": ""9,750"", ""percentage"": ""11.06%""}, ""Slovenia"": {""statements_of_support"": ""1*"", ""threshold"": ""6,000"", ""percentage"": ""0.02%""}, ""Spain"": {""statements_of_support"": ""17,761"", ""threshold"": ""40,500"", ""percentage"": ""43.85%""}, ""Sweden"": {""statements_of_support"": ""30,417"", ""threshold"": ""15,000"", ""percentage"": ""202.78%""}, ""United Kingdom"": {""statements_of_support"": ""21,680"", ""threshold"": ""54,750"", ""percentage"": ""39.60%""}}",4.0,312000.0,"243,065.18",26/10/2014,26/10/2013,
Stop TTIP,2014,01/01/2014,Withdrawn,"Request the Council to repeal the negotiating mandate for TTIP and not to conclude CETA, due to concerns over regulatory standards, investor-state dispute settlement, and democratic accountability.",,https://citizens-initiative.europa.eu/initiatives/stop-ttip_en,"{""Austria"": {""statements_of_support"": ""4,609"", ""threshold"": ""14,250"", ""percentage"": ""32.34%""}, ""Belgium"": {""statements_of_support"": ""39,004"", ""threshold"": ""16,500"", ""percentage"": ""236.39%""}, ""Bulgaria"": {""statements_of_support"": ""66,407"", ""threshold"": ""13,500"", ""percentage"": ""491.90%""}, ""Croatia"": {""statements_of_support"": ""26,454"", ""threshold"": ""8,250"", ""percentage"": ""320.65%""}, ""Cyprus"": {""statements_of_support"": ""1"", ""threshold"": ""4,500"", ""percentage"": ""0.02%""}, ""Czechia"": {""statements_of_support"": ""42,488"", ""threshold"": ""16,500"", ""percentage"": ""257.50%""}, ""Denmark"": {""statements_of_support"": ""34,584"", ""threshold"": ""9,750"", ""percentage"": ""354.71%""}, ""Estonia"": {""statements_of_support"": ""28,710"", ""threshold"": ""4,500"", ""percentage"": ""638.00%""}, ""Finland"": {""statements_of_support"": ""8,641"", ""threshold"": ""9,750"", ""percentage"": ""88.63%""}, ""France"": {""statements_of_support"": ""433,441"", ""threshold"": ""55,500"", ""percentage"": ""780.97%""}, ""Germany"": {""statements_of_support"": ""531,635"", ""threshold"": ""74,250"", ""percentage"": ""716.01%""}, ""Greece"": {""statements_of_support"": ""67,470"", ""threshold"": ""16,500"", ""percentage"": ""408.91%""}, ""Hungary"": {""statements_of_support"": ""16,017"", ""threshold"": ""16,500"", ""percentage"": ""97.07%""}, ""Ireland"": {""statements_of_support"": ""23,221"", ""threshold"": ""9,000"", ""percentage"": ""258.01%""}, ""Italy"": {""statements_of_support"": ""451,197"", ""threshold"": ""54,750"", ""percentage"": ""824.10%""}, ""Latvia"": {""statements_of_support"": ""13,354"", ""threshold"": ""6,750"", ""percentage"": ""197.84%""}, ""Lithuania"": {""statements_of_support"": ""1,048"", ""threshold"": ""9,000"", ""percentage"": ""11.64%""}, ""Malta"": {""statements_of_support"": ""12"", ""threshold"": ""4,500"", ""percentage"": ""0.27%""}, ""Netherlands"": {""statements_of_support"": ""124,274"", ""threshold"": ""19,500"", ""percentage"": ""637.30%""}, ""Poland"": {""statements_of_support"": ""317,989"", ""threshold"": ""38,250"", ""percentage"": ""831.34%""}, ""Portugal"": {""statements_of_support"": ""47,259"", ""threshold"": ""16,500"", ""percentage"": ""286.42%""}, ""Romania"": {""statements_of_support"": ""130,898"", ""threshold"": ""24,750"", ""percentage"": ""528.88%""}, ""Slovakia"": {""statements_of_support"": ""86,946"", ""threshold"": ""9,750"", ""percentage"": ""891.75%""}, ""Slovenia"": {""statements_of_support"": ""852"", ""threshold"": ""6,000"", ""percentage"": ""14.20%""}, ""Spain"": {""statements_of_support"": ""308,826"", ""threshold"": ""40,500"", ""percentage"": ""762.53%""}, ""Sweden"": {""statements_of_support"": ""103,438"", ""threshold"": ""15,000"", ""percentage"": ""689.59%""}, ""United Kingdom"": {""statements_of_support"": ""375,514"", ""threshold"": ""54,750"", ""percentage"": ""685.87%""}}",23.0,3284289.0,0.00,24/11/2014,01/01/2014,
One of Us — Embryo Protection,2014,01/01/2014,Rejected Legislation,"Prohibit the EU from financing activities which presuppose the destruction of human embryos, in particular in the areas of research, development aid and public health.","The Commission concluded that the existing legal framework governing EU funding in the areas of research, development aid and public health already contains adequate safeguards. It did not consider it appropriate to amend the relevant regulations as requested.",https://citizens-initiative.europa.eu/initiatives/one-of-us-embryo_en,"{""Austria"": {""statements_of_support"": ""33,120"", ""threshold"": ""14,250"", ""percentage"": ""232.42%""}, ""Belgium"": {""statements_of_support"": ""2,931"", ""threshold"": ""16,500"", ""percentage"": ""17.76%""}, ""Bulgaria"": {""statements_of_support"": ""14,109"", ""threshold"": ""13,500"", ""percentage"": ""104.51%""}, ""Croatia"": {""statements_of_support"": ""20,778"", ""threshold"": ""8,250"", ""percentage"": ""251.85%""}, ""Cyprus"": {""statements_of_support"": ""4,039"", ""threshold"": ""4,500"", ""percentage"": ""89.76%""}, ""Czechia"": {""statements_of_support"": ""15,362"", ""threshold"": ""16,500"", ""percentage"": ""93.10%""}, ""Denmark"": {""statements_of_support"": ""15,210"", ""threshold"": ""9,750"", ""percentage"": ""156.00%""}, ""Finland"": {""statements_of_support"": ""42,651"", ""threshold"": ""9,750"", ""percentage"": ""437.45%""}, ""France"": {""statements_of_support"": ""191,293"", ""threshold"": ""55,500"", ""percentage"": ""344.67%""}, ""Germany"": {""statements_of_support"": ""312,946"", ""threshold"": ""74,250"", ""percentage"": ""421.48%""}, ""Greece"": {""statements_of_support"": ""4,829"", ""threshold"": ""16,500"", ""percentage"": ""29.27%""}, ""Hungary"": {""statements_of_support"": ""14,451"", ""threshold"": ""16,500"", ""percentage"": ""87.58%""}, ""Ireland"": {""statements_of_support"": ""7,590"", ""threshold"": ""9,000"", ""percentage"": ""84.33%""}, ""Italy"": {""statements_of_support"": ""331,388"", ""threshold"": ""54,750"", ""percentage"": ""605.27%""}, ""Latvia"": {""statements_of_support"": ""66*"", ""threshold"": ""6,750"", ""percentage"": ""0.98%""}, ""Lithuania"": {""statements_of_support"": ""16,820"", ""threshold"": ""9,000"", ""percentage"": ""186.89%""}, ""Malta"": {""statements_of_support"": ""4"", ""threshold"": ""4,500"", ""percentage"": ""0.09%""}, ""Netherlands"": {""statements_of_support"": ""53,306"", ""threshold"": ""19,500"", ""percentage"": ""273.36%""}, ""Poland"": {""statements_of_support"": ""160,505"", ""threshold"": ""38,250"", ""percentage"": ""419.62%""}, ""Portugal"": {""statements_of_support"": ""56,476"", ""threshold"": ""16,500"", ""percentage"": ""342.28%""}, ""Romania"": {""statements_of_support"": ""59,648"", ""threshold"": ""24,750"", ""percentage"": ""241.00%""}, ""Slovakia"": {""statements_of_support"": ""8,948"", ""threshold"": ""9,750"", ""percentage"": ""91.77%""}, ""Slovenia"": {""statements_of_support"": ""8"", ""threshold"": ""6,000"", ""percentage"": ""0.13%""}, ""Spain"": {""statements_of_support"": ""140,304"", ""threshold"": ""40,500"", ""percentage"": ""346.43%""}, ""Sweden"": {""statements_of_support"": ""29,925"", ""threshold"": ""15,000"", ""percentage"": ""199.50%""}, ""United Kingdom"": {""statements_of_support"": ""360,881"", ""threshold"": ""54,750"", ""percentage"": ""659.14%""}}",18.0,1897588.0,"312,294.65",17/12/2014,01/01/2014,
Unconditional Basic Income for Europe,2015,01/01/2015,Collection Unsuccessful,"Explore and promote unconditional basic income as an instrument to improve social security systems across the EU, ensuring every person's material needs are met.",,https://citizens-initiative.europa.eu/initiatives/basic-income-europe_en,"{""Austria"": {""statements_of_support"": ""4,157"", ""threshold"": ""14,250"", ""percentage"": ""29.17%""}, ""Belgium"": {""statements_of_support"": ""457"", ""threshold"": ""16,500"", ""percentage"": ""2.77%""}, ""Bulgaria"": {""statements_of_support"": ""4"", ""threshold"": ""13,500"", ""percentage"": ""0.03%""}, ""Croatia"": {""statements_of_support"": ""784"", ""threshold"": ""8,250"", ""percentage"": ""9.50%""}, ""Czechia"": {""statements_of_support"": ""2,437"", ""threshold"": ""16,500"", ""percentage"": ""14.77%""}, ""Denmark"": {""statements_of_support"": ""1,248"", ""threshold"": ""9,750"", ""percentage"": ""12.80%""}, ""Finland"": {""statements_of_support"": ""3,587"", ""threshold"": ""9,750"", ""percentage"": ""36.79%""}, ""France"": {""statements_of_support"": ""51,890"", ""threshold"": ""55,500"", ""percentage"": ""93.50%""}, ""Germany"": {""statements_of_support"": ""47,706"", ""threshold"": ""74,250"", ""percentage"": ""64.25%""}, ""Greece"": {""statements_of_support"": ""664"", ""threshold"": ""16,500"", ""percentage"": ""4.02%""}, ""Hungary"": {""statements_of_support"": ""4,107"", ""threshold"": ""16,500"", ""percentage"": ""24.89%""}, ""Ireland"": {""statements_of_support"": ""697"", ""threshold"": ""9,000"", ""percentage"": ""7.74%""}, ""Italy"": {""statements_of_support"": ""15,197"", ""threshold"": ""54,750"", ""percentage"": ""27.76%""}, ""Latvia"": {""statements_of_support"": ""85"", ""threshold"": ""6,750"", ""percentage"": ""1.26%""}, ""Lithuania"": {""statements_of_support"": ""6"", ""threshold"": ""9,000"", ""percentage"": ""0.07%""}, ""Netherlands"": {""statements_of_support"": ""7,466"", ""threshold"": ""19,500"", ""percentage"": ""38.29%""}, ""Poland"": {""statements_of_support"": ""38,952"", ""threshold"": ""38,250"", ""percentage"": ""101.84%""}, ""Portugal"": {""statements_of_support"": ""2,467"", ""threshold"": ""16,500"", ""percentage"": ""14.95%""}, ""Romania"": {""statements_of_support"": ""23,723"", ""threshold"": ""24,750"", ""percentage"": ""95.85%""}, ""Slovakia"": {""statements_of_support"": ""5,764*"", ""threshold"": ""9,750"", ""percentage"": ""59.12%""}, ""Slovenia"": {""statements_of_support"": ""5"", ""threshold"": ""6,000"", ""percentage"": ""0.08%""}, ""Spain"": {""statements_of_support"": ""43,744"", ""threshold"": ""40,500"", ""percentage"": ""108.01%""}, ""Sweden"": {""statements_of_support"": ""718"", ""threshold"": ""15,000"", ""percentage"": ""4.79%""}, ""United Kingdom"": {""statements_of_support"": ""29,135"", ""threshold"": ""54,750"", ""percentage"": ""53.21%""}}",5.0,285000.0,"106,591.06",01/10/2016,01/10/2015,
Compulsory Labelling of Meat Products,2015,01/01/2015,Collection Unsuccessful,Require mandatory country-of-origin labelling for all meat and processed meat products sold in the EU to improve consumer transparency and food traceability.,,https://citizens-initiative.europa.eu/initiatives/meat-labelling_en,"{""Belgium"": {""statements_of_support"": ""19,895"", ""threshold"": ""16,500"", ""percentage"": ""120.58%""}, ""Germany"": {""statements_of_support"": ""48,701"", ""threshold"": ""74,250"", ""percentage"": ""65.59%""}, ""Italy"": {""statements_of_support"": ""19,532"", ""threshold"": ""54,750"", ""percentage"": ""35.67%""}, ""Spain"": {""statements_of_support"": ""31,519"", ""threshold"": ""40,500"", ""percentage"": ""77.82%""}, ""United Kingdom"": {""statements_of_support"": ""23,353"", ""threshold"": ""54,750"", ""percentage"": ""42.65%""}}",3.0,143000.0,"388,717.19",09/02/2016,09/02/2015,
Ban Glyphosate and Protect People and the Environment,2016,01/01/2016,Commission Engaged,"Ban glyphosate herbicides, reform pesticide approval procedures, and set mandatory EU-wide reduction targets for pesticide use to protect people and the environment.",The Commission acknowledged the wide public concern and committed to not renewing authorisation of glyphosate without full scientific reassessment. It proposed reforms to the transparency of scientific studies and pledged to develop a post-2020 sustainability strategy for pesticides.,https://citizens-initiative.europa.eu/initiatives/ban-glyphosate_en,"{""Austria"": {""statements_of_support"": ""11,438"", ""threshold"": ""14,250"", ""percentage"": ""80.27%""}, ""Belgium"": {""statements_of_support"": ""77,843"", ""threshold"": ""16,500"", ""percentage"": ""471.78%""}, ""Bulgaria"": {""statements_of_support"": ""30,252"", ""threshold"": ""13,500"", ""percentage"": ""224.09%""}, ""Cyprus"": {""statements_of_support"": ""80"", ""threshold"": ""4,500"", ""percentage"": ""1.78%""}, ""Czechia"": {""statements_of_support"": ""23,877"", ""threshold"": ""16,500"", ""percentage"": ""144.71%""}, ""Denmark"": {""statements_of_support"": ""27,219"", ""threshold"": ""9,750"", ""percentage"": ""279.17%""}, ""Finland"": {""statements_of_support"": ""5,261"", ""threshold"": ""9,750"", ""percentage"": ""53.96%""}, ""France"": {""statements_of_support"": ""164,986"", ""threshold"": ""55,500"", ""percentage"": ""297.27%""}, ""Germany"": {""statements_of_support"": ""146,042"", ""threshold"": ""74,250"", ""percentage"": ""196.69%""}, ""Greece"": {""statements_of_support"": ""33,480"", ""threshold"": ""16,500"", ""percentage"": ""202.91%""}, ""Hungary"": {""statements_of_support"": ""39,431"", ""threshold"": ""16,500"", ""percentage"": ""238.98%""}, ""Ireland"": {""statements_of_support"": ""1"", ""threshold"": ""9,000"", ""percentage"": ""0.01%""}, ""Italy"": {""statements_of_support"": ""135,065"", ""threshold"": ""54,750"", ""percentage"": ""246.69%""}, ""Netherlands"": {""statements_of_support"": ""3,539*"", ""threshold"": ""19,500"", ""percentage"": ""18.15%""}, ""Poland"": {""statements_of_support"": ""74,331"", ""threshold"": ""38,250"", ""percentage"": ""194.33%""}, ""Portugal"": {""statements_of_support"": ""4,278"", ""threshold"": ""16,500"", ""percentage"": ""25.93%""}, ""Romania"": {""statements_of_support"": ""23,093"", ""threshold"": ""24,750"", ""percentage"": ""93.31%""}, ""Slovakia"": {""statements_of_support"": ""10,383"", ""threshold"": ""9,750"", ""percentage"": ""106.49%""}, ""Slovenia"": {""statements_of_support"": ""396"", ""threshold"": ""6,000"", ""percentage"": ""6.60%""}, ""Spain"": {""statements_of_support"": ""77,304"", ""threshold"": ""40,500"", ""percentage"": ""190.87%""}, ""Sweden"": {""statements_of_support"": ""4,244"", ""threshold"": ""15,000"", ""percentage"": ""28.29%""}, ""United Kingdom"": {""statements_of_support"": ""178,322"", ""threshold"": ""54,750"", ""percentage"": ""325.70%""}}",10.0,1070865.0,0.00,23/10/2017,23/10/2016,
Initiative for More Democracy in Europe,2016,01/01/2016,Collection Unsuccessful,Introduce direct democratic instruments at EU level including citizens' referendums on major EU policy decisions and binding EU-wide consultations on Treaty changes.,,https://citizens-initiative.europa.eu/initiatives/more-democracy_en,"{""Austria"": {""statements_of_support"": ""577*"", ""threshold"": ""14,250"", ""percentage"": ""4.05%""}, ""Belgium"": {""statements_of_support"": ""681"", ""threshold"": ""16,500"", ""percentage"": ""4.13%""}, ""Bulgaria"": {""statements_of_support"": ""1,073"", ""threshold"": ""13,500"", ""percentage"": ""7.95%""}, ""Czechia"": {""statements_of_support"": ""750"", ""threshold"": ""16,500"", ""percentage"": ""4.55%""}, ""Denmark"": {""statements_of_support"": ""5,305"", ""threshold"": ""9,750"", ""percentage"": ""54.41%""}, ""Estonia"": {""statements_of_support"": ""1,836"", ""threshold"": ""4,500"", ""percentage"": ""40.80%""}, ""Finland"": {""statements_of_support"": ""57"", ""threshold"": ""9,750"", ""percentage"": ""0.58%""}, ""France"": {""statements_of_support"": ""6,157"", ""threshold"": ""55,500"", ""percentage"": ""11.09%""}, ""Germany"": {""statements_of_support"": ""42,412"", ""threshold"": ""74,250"", ""percentage"": ""57.12%""}, ""Greece"": {""statements_of_support"": ""199"", ""threshold"": ""16,500"", ""percentage"": ""1.21%""}, ""Hungary"": {""statements_of_support"": ""7,614"", ""threshold"": ""16,500"", ""percentage"": ""46.15%""}, ""Ireland"": {""statements_of_support"": ""142*"", ""threshold"": ""9,000"", ""percentage"": ""1.58%""}, ""Italy"": {""statements_of_support"": ""14,247"", ""threshold"": ""54,750"", ""percentage"": ""26.02%""}, ""Latvia"": {""statements_of_support"": ""434"", ""threshold"": ""6,750"", ""percentage"": ""6.43%""}, ""Netherlands"": {""statements_of_support"": ""11,618"", ""threshold"": ""19,500"", ""percentage"": ""59.58%""}, ""Poland"": {""statements_of_support"": ""5,759"", ""threshold"": ""38,250"", ""percentage"": ""15.06%""}, ""Portugal"": {""statements_of_support"": ""3,763"", ""threshold"": ""16,500"", ""percentage"": ""22.81%""}, ""Romania"": {""statements_of_support"": ""10,561"", ""threshold"": ""24,750"", ""percentage"": ""42.67%""}, ""Slovakia"": {""statements_of_support"": ""4,445"", ""threshold"": ""9,750"", ""percentage"": ""45.59%""}, ""Slovenia"": {""statements_of_support"": ""680"", ""threshold"": ""6,000"", ""percentage"": ""11.33%""}, ""Spain"": {""statements_of_support"": ""23,316"", ""threshold"": ""40,500"", ""percentage"": ""57.57%""}, ""Sweden"": {""statements_of_support"": ""2"", ""threshold"": ""15,000"", ""percentage"": ""0.01%""}, ""United Kingdom"": {""statements_of_support"": ""25,372"", ""threshold"": ""54,750"", ""percentage"": ""46.34%""}}",4.0,167000.0,"335,408.77",,,
Sustainable Food for All,2017,01/01/2017,Collection Unsuccessful,"Shift EU food and farming policy towards sustainable agriculture, reducing pesticide dependency, improving animal welfare standards and ensuring fair income for farmers.",,https://citizens-initiative.europa.eu/initiatives/sustainable-food-all_en,"{""Czechia"": {""statements_of_support"": ""9,171"", ""threshold"": ""16,500"", ""percentage"": ""55.58%""}, ""Germany"": {""statements_of_support"": ""15,904"", ""threshold"": ""74,250"", ""percentage"": ""21.42%""}, ""Italy"": {""statements_of_support"": ""10,226"", ""threshold"": ""54,750"", ""percentage"": ""18.68%""}, ""Spain"": {""statements_of_support"": ""12,157"", ""threshold"": ""40,500"", ""percentage"": ""30.02%""}, ""United Kingdom"": {""statements_of_support"": ""8,542"", ""threshold"": ""54,750"", ""percentage"": ""15.60%""}}",1.0,56000.0,"75,474.68",17/12/2018,17/12/2017,
Access to Social Protection for All Workers,2017,01/01/2017,Collection Unsuccessful,"Extend access to adequate social protection schemes to all workers regardless of employment status, including self-employed, platform, and part-time workers.",,https://citizens-initiative.europa.eu/initiatives/social-protection-workers_en,"{""Germany"": {""statements_of_support"": ""23,269"", ""threshold"": ""74,250"", ""percentage"": ""31.34%""}, ""Italy"": {""statements_of_support"": ""13,942"", ""threshold"": ""54,750"", ""percentage"": ""25.46%""}, ""Spain"": {""statements_of_support"": ""16,498"", ""threshold"": ""40,500"", ""percentage"": ""40.74%""}, ""Sweden"": {""statements_of_support"": ""19,743"", ""threshold"": ""15,000"", ""percentage"": ""131.62%""}, ""United Kingdom"": {""statements_of_support"": ""24,548"", ""threshold"": ""54,750"", ""percentage"": ""44.84%""}}",2.0,98000.0,"162,228.79",02/12/2018,02/12/2017,
Inclusion of People with Disabilities,2018,01/01/2018,Collection Unsuccessful,"Strengthen the rights of people with disabilities in the EU by ensuring equal access to employment, education, healthcare and social protection in all member states.",,https://citizens-initiative.europa.eu/initiatives/inclusion-disabilities_en,"{""France"": {""statements_of_support"": ""30,697"", ""threshold"": ""55,500"", ""percentage"": ""55.31%""}, ""Germany"": {""statements_of_support"": ""31,138"", ""threshold"": ""74,250"", ""percentage"": ""41.94%""}, ""Italy"": {""statements_of_support"": ""18,755"", ""threshold"": ""54,750"", ""percentage"": ""34.26%""}, ""Netherlands"": {""statements_of_support"": ""14,796"", ""threshold"": ""19,500"", ""percentage"": ""75.88%""}, ""United Kingdom"": {""statements_of_support"": ""16,614"", ""threshold"": ""54,750"", ""percentage"": ""30.35%""}}",3.0,112000.0,"47,327.14",05/08/2019,05/08/2018,
Our Common Future — Environment and Climate,2018,01/01/2018,Collection Unsuccessful,Establish legally binding long-term EU climate targets and require all member states to align national energy and climate plans with the Paris Agreement 1.5°C pathway.,,https://citizens-initiative.europa.eu/initiatives/our-common-future_en,"{""Belgium"": {""statements_of_support"": ""6,067"", ""threshold"": ""16,500"", ""percentage"": ""36.77%""}, ""Germany"": {""statements_of_support"": ""14,182"", ""threshold"": ""74,250"", ""percentage"": ""19.10%""}, ""Italy"": {""statements_of_support"": ""9,318"", ""threshold"": ""54,750"", ""percentage"": ""17.02%""}, ""Spain"": {""statements_of_support"": ""7,073"", ""threshold"": ""40,500"", ""percentage"": ""17.46%""}, ""United Kingdom"": {""statements_of_support"": ""8,360"", ""threshold"": ""54,750"", ""percentage"": ""15.27%""}}",1.0,45000.0,"290,184.77",,,
Coherence of EU Agricultural Policy with Green Deal,2019,01/01/2019,Collection Unsuccessful,Align the Common Agricultural Policy with the European Green Deal by making direct payments conditional on environmental and climate performance indicators.,,https://citizens-initiative.europa.eu/initiatives/cag-green-deal_en,"{""Austria"": {""statements_of_support"": ""1"", ""threshold"": ""14,250"", ""percentage"": ""0.01%""}, ""Belgium"": {""statements_of_support"": ""1,812"", ""threshold"": ""16,500"", ""percentage"": ""10.98%""}, ""Bulgaria"": {""statements_of_support"": ""3,528"", ""threshold"": ""13,500"", ""percentage"": ""26.13%""}, ""Cyprus"": {""statements_of_support"": ""1*"", ""threshold"": ""4,500"", ""percentage"": ""0.02%""}, ""Czechia"": {""statements_of_support"": ""615"", ""threshold"": ""16,500"", ""percentage"": ""3.73%""}, ""Denmark"": {""statements_of_support"": ""33"", ""threshold"": ""9,750"", ""percentage"": ""0.34%""}, ""Finland"": {""statements_of_support"": ""10"", ""threshold"": ""9,750"", ""percentage"": ""0.10%""}, ""France"": {""statements_of_support"": ""29,663"", ""threshold"": ""55,500"", ""percentage"": ""53.45%""}, ""Germany"": {""statements_of_support"": ""39,408"", ""threshold"": ""74,250"", ""percentage"": ""53.07%""}, ""Greece"": {""statements_of_support"": ""444"", ""threshold"": ""16,500"", ""percentage"": ""2.69%""}, ""Hungary"": {""statements_of_support"": ""7,499"", ""threshold"": ""16,500"", ""percentage"": ""45.45%""}, ""Ireland"": {""statements_of_support"": ""935"", ""threshold"": ""9,000"", ""percentage"": ""10.39%""}, ""Italy"": {""statements_of_support"": ""16,796"", ""threshold"": ""54,750"", ""percentage"": ""30.68%""}, ""Netherlands"": {""statements_of_support"": ""3,680"", ""threshold"": ""19,500"", ""percentage"": ""18.87%""}, ""Poland"": {""statements_of_support"": ""13,996"", ""threshold"": ""38,250"", ""percentage"": ""36.59%""}, ""Portugal"": {""statements_of_support"": ""2,283"", ""threshold"": ""16,500"", ""percentage"": ""13.84%""}, ""Romania"": {""statements_of_support"": ""6,498"", ""threshold"": ""24,750"", ""percentage"": ""26.25%""}, ""Slovakia"": {""statements_of_support"": ""3*"", ""threshold"": ""9,750"", ""percentage"": ""0.03%""}, ""Slovenia"": {""statements_of_support"": ""198*"", ""threshold"": ""6,000"", ""percentage"": ""3.30%""}, ""Spain"": {""statements_of_support"": ""6,416"", ""threshold"": ""40,500"", ""percentage"": ""15.84%""}, ""Sweden"": {""statements_of_support"": ""697"", ""threshold"": ""15,000"", ""percentage"": ""4.65%""}, ""United Kingdom"": {""statements_of_support"": ""22,484"", ""threshold"": ""54,750"", ""percentage"": ""41.07%""}}",4.0,157000.0,"350,541.53",19/12/2019,01/01/2019,
We Are A Welcoming Europe,2019,01/01/2019,Collection Unsuccessful,"Promote a humane and rights-based EU asylum and migration policy by decriminalising solidarity acts, protecting rescuers at sea and ensuring fair reception conditions.",,https://citizens-initiative.europa.eu/initiatives/welcoming-europe_en,"{""Denmark"": {""statements_of_support"": ""17,911"", ""threshold"": ""9,750"", ""percentage"": ""183.70%""}, ""France"": {""statements_of_support"": ""18,757"", ""threshold"": ""55,500"", ""percentage"": ""33.80%""}, ""Germany"": {""statements_of_support"": ""26,102"", ""threshold"": ""74,250"", ""percentage"": ""35.15%""}, ""Romania"": {""statements_of_support"": ""13,645"", ""threshold"": ""24,750"", ""percentage"": ""55.13%""}, ""United Kingdom"": {""statements_of_support"": ""21,585"", ""threshold"": ""54,750"", ""percentage"": ""39.42%""}}",3.0,98000.0,"467,122.45",30/10/2020,30/10/2019,
Save Cruelty Free Cosmetics,2020,01/01/2020,Commission Engaged,"Establish a global ban on animal testing for cosmetics by 2023 and ensure no cosmetics animal-test data can be used for EU market access, reinforcing the EU's cruelty-free cosmetics model worldwide.",The Commission expressed its commitment to maintaining the EU's world-leading ban on animal testing for cosmetics and pledged to work towards international convergence. It announced plans to develop a roadmap for ending animal testing in cosmetics globally through bilateral and multilateral engagement.,https://citizens-initiative.europa.eu/initiatives/cruelty-free-cosmetics_en,"{""Austria"": {""statements_of_support"": ""3,390"", ""threshold"": ""14,250"", ""percentage"": ""23.79%""}, ""Belgium"": {""statements_of_support"": ""1,219"", ""threshold"": ""16,500"", ""percentage"": ""7.39%""}, ""Bulgaria"": {""statements_of_support"": ""137"", ""threshold"": ""13,500"", ""percentage"": ""1.01%""}, ""Croatia"": {""statements_of_support"": ""13,502"", ""threshold"": ""8,250"", ""percentage"": ""163.66%""}, ""Czechia"": {""statements_of_support"": ""1,298"", ""threshold"": ""16,500"", ""percentage"": ""7.87%""}, ""Denmark"": {""statements_of_support"": ""27,704"", ""threshold"": ""9,750"", ""percentage"": ""284.14%""}, ""Finland"": {""statements_of_support"": ""1,945"", ""threshold"": ""9,750"", ""percentage"": ""19.95%""}, ""France"": {""statements_of_support"": ""141,814"", ""threshold"": ""55,500"", ""percentage"": ""255.52%""}, ""Germany"": {""statements_of_support"": ""116,437"", ""threshold"": ""74,250"", ""percentage"": ""156.82%""}, ""Greece"": {""statements_of_support"": ""8,051"", ""threshold"": ""16,500"", ""percentage"": ""48.79%""}, ""Hungary"": {""statements_of_support"": ""3,450"", ""threshold"": ""16,500"", ""percentage"": ""20.91%""}, ""Ireland"": {""statements_of_support"": ""62,527"", ""threshold"": ""9,000"", ""percentage"": ""694.74%""}, ""Italy"": {""statements_of_support"": ""105,838"", ""threshold"": ""54,750"", ""percentage"": ""193.31%""}, ""Latvia"": {""statements_of_support"": ""233*"", ""threshold"": ""6,750"", ""percentage"": ""3.45%""}, ""Lithuania"": {""statements_of_support"": ""426"", ""threshold"": ""9,000"", ""percentage"": ""4.73%""}, ""Netherlands"": {""statements_of_support"": ""10,016"", ""threshold"": ""19,500"", ""percentage"": ""51.36%""}, ""Poland"": {""statements_of_support"": ""101,823"", ""threshold"": ""38,250"", ""percentage"": ""266.20%""}, ""Portugal"": {""statements_of_support"": ""5,140"", ""threshold"": ""16,500"", ""percentage"": ""31.15%""}, ""Romania"": {""statements_of_support"": ""134,046"", ""threshold"": ""24,750"", ""percentage"": ""541.60%""}, ""Slovakia"": {""statements_of_support"": ""20,411"", ""threshold"": ""9,750"", ""percentage"": ""209.34%""}, ""Slovenia"": {""statements_of_support"": ""27"", ""threshold"": ""6,000"", ""percentage"": ""0.45%""}, ""Spain"": {""statements_of_support"": ""140,087"", ""threshold"": ""40,500"", ""percentage"": ""345.89%""}, ""Sweden"": {""statements_of_support"": ""315"", ""threshold"": ""15,000"", ""percentage"": ""2.10%""}, ""United Kingdom"": {""statements_of_support"": ""109,263"", ""threshold"": ""54,750"", ""percentage"": ""199.57%""}}",10.0,1009099.0,"265,427.46",28/09/2020,01/01/2020,
Good Food Good Farming,2020,01/01/2020,Awaiting Response,"Transform EU food and farming by phasing out factory farming, cutting pesticide use by 80% by 2030 and redirecting agricultural subsidies to support agroecological farming practices.",,https://citizens-initiative.europa.eu/initiatives/good-food-good-farming_en,"{""Austria"": {""statements_of_support"": ""50,157"", ""threshold"": ""14,250"", ""percentage"": ""351.98%""}, ""Belgium"": {""statements_of_support"": ""67,188"", ""threshold"": ""16,500"", ""percentage"": ""407.20%""}, ""Bulgaria"": {""statements_of_support"": ""7,569"", ""threshold"": ""13,500"", ""percentage"": ""56.07%""}, ""Croatia"": {""statements_of_support"": ""3,901"", ""threshold"": ""8,250"", ""percentage"": ""47.28%""}, ""Czechia"": {""statements_of_support"": ""20,934"", ""threshold"": ""16,500"", ""percentage"": ""126.87%""}, ""Denmark"": {""statements_of_support"": ""533"", ""threshold"": ""9,750"", ""percentage"": ""5.47%""}, ""Finland"": {""statements_of_support"": ""80,692"", ""threshold"": ""9,750"", ""percentage"": ""827.61%""}, ""France"": {""statements_of_support"": ""117,591"", ""threshold"": ""55,500"", ""percentage"": ""211.88%""}, ""Germany"": {""statements_of_support"": ""151,253"", ""threshold"": ""74,250"", ""percentage"": ""203.71%""}, ""Greece"": {""statements_of_support"": ""10"", ""threshold"": ""16,500"", ""percentage"": ""0.06%""}, ""Hungary"": {""statements_of_support"": ""30,492"", ""threshold"": ""16,500"", ""percentage"": ""184.80%""}, ""Ireland"": {""statements_of_support"": ""22,519"", ""threshold"": ""9,000"", ""percentage"": ""250.21%""}, ""Italy"": {""statements_of_support"": ""76,384"", ""threshold"": ""54,750"", ""percentage"": ""139.51%""}, ""Latvia"": {""statements_of_support"": ""225"", ""threshold"": ""6,750"", ""percentage"": ""3.33%""}, ""Lithuania"": {""statements_of_support"": ""112*"", ""threshold"": ""9,000"", ""percentage"": ""1.24%""}, ""Luxembourg"": {""statements_of_support"": ""519"", ""threshold"": ""4,500"", ""percentage"": ""11.53%""}, ""Netherlands"": {""statements_of_support"": ""92,713"", ""threshold"": ""19,500"", ""percentage"": ""475.45%""}, ""Poland"": {""statements_of_support"": ""90,377"", ""threshold"": ""38,250"", ""percentage"": ""236.28%""}, ""Portugal"": {""statements_of_support"": ""137"", ""threshold"": ""16,500"", ""percentage"": ""0.83%""}, ""Romania"": {""statements_of_support"": ""45,809"", ""threshold"": ""24,750"", ""percentage"": ""185.09%""}, ""Slovakia"": {""statements_of_support"": ""3,835"", ""threshold"": ""9,750"", ""percentage"": ""39.33%""}, ""Slovenia"": {""statements_of_support"": ""6,647"", ""threshold"": ""6,000"", ""percentage"": ""110.78%""}, ""Spain"": {""statements_of_support"": ""69,905"", ""threshold"": ""40,500"", ""percentage"": ""172.60%""}, ""Sweden"": {""statements_of_support"": ""49,411"", ""threshold"": ""15,000"", ""percentage"": ""329.41%""}, ""United Kingdom"": {""statements_of_support"": ""89,837"", ""threshold"": ""54,750"", ""percentage"": ""164.09%""}}",11.0,1078750.0,"297,270.96",,,
One of Us,2021,01/01/2021,Withdrawn,Prohibit the EU from financing activities which presuppose the destruction of human embryos in particular in the areas of research development aid and public health.,,https://citizens-initiative.europa.eu/initiatives/one-of-us_en,"{""Austria"": {""statements_of_support"": ""48,515"", ""threshold"": ""14,250"", ""percentage"": ""340.46%""}, ""Belgium"": {""statements_of_support"": ""50,073"", ""threshold"": ""16,500"", ""percentage"": ""303.47%""}, ""Bulgaria"": {""statements_of_support"": ""3,703*"", ""threshold"": ""13,500"", ""percentage"": ""27.43%""}, ""Croatia"": {""statements_of_support"": ""376"", ""threshold"": ""8,250"", ""percentage"": ""4.56%""}, ""Cyprus"": {""statements_of_support"": ""43,448"", ""threshold"": ""4,500"", ""percentage"": ""965.51%""}, ""Czechia"": {""statements_of_support"": ""39,945"", ""threshold"": ""16,500"", ""percentage"": ""242.09%""}, ""Denmark"": {""statements_of_support"": ""65,568"", ""threshold"": ""9,750"", ""percentage"": ""672.49%""}, ""Estonia"": {""statements_of_support"": ""990"", ""threshold"": ""4,500"", ""percentage"": ""22.00%""}, ""Finland"": {""statements_of_support"": ""636"", ""threshold"": ""9,750"", ""percentage"": ""6.52%""}, ""France"": {""statements_of_support"": ""155,438"", ""threshold"": ""55,500"", ""percentage"": ""280.07%""}, ""Germany"": {""statements_of_support"": ""348,920"", ""threshold"": ""74,250"", ""percentage"": ""469.93%""}, ""Greece"": {""statements_of_support"": ""8,800"", ""threshold"": ""16,500"", ""percentage"": ""53.33%""}, ""Hungary"": {""statements_of_support"": ""48,868"", ""threshold"": ""16,500"", ""percentage"": ""296.17%""}, ""Ireland"": {""statements_of_support"": ""4,285"", ""threshold"": ""9,000"", ""percentage"": ""47.61%""}, ""Italy"": {""statements_of_support"": ""288,014"", ""threshold"": ""54,750"", ""percentage"": ""526.05%""}, ""Latvia"": {""statements_of_support"": ""11,048"", ""threshold"": ""6,750"", ""percentage"": ""163.67%""}, ""Lithuania"": {""statements_of_support"": ""11,121"", ""threshold"": ""9,000"", ""percentage"": ""123.57%""}, ""Luxembourg"": {""statements_of_support"": ""9*"", ""threshold"": ""4,500"", ""percentage"": ""0.20%""}, ""Netherlands"": {""statements_of_support"": ""31,757"", ""threshold"": ""19,500"", ""percentage"": ""162.86%""}, ""Poland"": {""statements_of_support"": ""132,836"", ""threshold"": ""38,250"", ""percentage"": ""347.28%""}, ""Portugal"": {""statements_of_support"": ""64,244"", ""threshold"": ""16,500"", ""percentage"": ""389.36%""}, ""Romania"": {""statements_of_support"": ""260,747"", ""threshold"": ""24,750"", ""percentage"": ""1053.52%""}, ""Slovakia"": {""statements_of_support"": ""8,190*"", ""threshold"": ""9,750"", ""percentage"": ""84.00%""}, ""Slovenia"": {""statements_of_support"": ""51,442"", ""threshold"": ""6,000"", ""percentage"": ""857.37%""}, ""Spain"": {""statements_of_support"": ""195,686"", ""threshold"": ""40,500"", ""percentage"": ""483.18%""}, ""Sweden"": {""statements_of_support"": ""22,929"", ""threshold"": ""15,000"", ""percentage"": ""152.86%""}}",19.0,1897588.0,"277,551.68",05/06/2022,05/06/2021,
Universal Basic Income EU,2021,01/01/2021,Collection Unsuccessful,Introduce an unconditional basic income for all EU residents financed through a common EU-level fund.,,https://citizens-initiative.europa.eu/initiatives/universal-basic-income-eu_en,"{""France"": {""statements_of_support"": ""46,647"", ""threshold"": ""55,500"", ""percentage"": ""84.05%""}, ""Germany"": {""statements_of_support"": ""27,478"", ""threshold"": ""74,250"", ""percentage"": ""37.01%""}, ""Italy"": {""statements_of_support"": ""15,902"", ""threshold"": ""54,750"", ""percentage"": ""29.04%""}, ""Poland"": {""statements_of_support"": ""8,596"", ""threshold"": ""38,250"", ""percentage"": ""22.47%""}, ""Portugal"": {""statements_of_support"": ""13,422"", ""threshold"": ""16,500"", ""percentage"": ""81.35%""}}",0.0,112045.0,"22,949.88",,,
Stop Finning - Stop the Trade,2022,01/01/2022,Rejected Legislation,"Prohibit the import, export, sale, and offer for sale of loose shark fins and all products containing shark fins other than fins naturally attached to the shark's body in the European Union.",The Commission is conducting an impact assessment to evaluate extending the 'fins naturally attached' policy to imports and exports. A legislative proposal addressing the shark fin trade is expected within the current mandate.,https://citizens-initiative.europa.eu/initiatives/stop-finning-stop-the-trade_en,"{""Austria"": {""statements_of_support"": ""1,717"", ""threshold"": ""14,250"", ""percentage"": ""12.05%""}, ""Belgium"": {""statements_of_support"": ""37,690"", ""threshold"": ""16,500"", ""percentage"": ""228.42%""}, ""Bulgaria"": {""statements_of_support"": ""670"", ""threshold"": ""13,500"", ""percentage"": ""4.96%""}, ""Croatia"": {""statements_of_support"": ""53"", ""threshold"": ""8,250"", ""percentage"": ""0.64%""}, ""Cyprus"": {""statements_of_support"": ""1,269"", ""threshold"": ""4,500"", ""percentage"": ""28.20%""}, ""Czechia"": {""statements_of_support"": ""3,514"", ""threshold"": ""16,500"", ""percentage"": ""21.30%""}, ""Denmark"": {""statements_of_support"": ""2,466"", ""threshold"": ""9,750"", ""percentage"": ""25.29%""}, ""Estonia"": {""statements_of_support"": ""2,274"", ""threshold"": ""4,500"", ""percentage"": ""50.53%""}, ""Finland"": {""statements_of_support"": ""11,290"", ""threshold"": ""9,750"", ""percentage"": ""115.79%""}, ""France"": {""statements_of_support"": ""110,923"", ""threshold"": ""55,500"", ""percentage"": ""199.86%""}, ""Germany"": {""statements_of_support"": ""168,205"", ""threshold"": ""74,250"", ""percentage"": ""226.54%""}, ""Greece"": {""statements_of_support"": ""26,478"", ""threshold"": ""16,500"", ""percentage"": ""160.47%""}, ""Hungary"": {""statements_of_support"": ""49,459"", ""threshold"": ""16,500"", ""percentage"": ""299.75%""}, ""Ireland"": {""statements_of_support"": ""1,632"", ""threshold"": ""9,000"", ""percentage"": ""18.13%""}, ""Italy"": {""statements_of_support"": ""191,792"", ""threshold"": ""54,750"", ""percentage"": ""350.31%""}, ""Lithuania"": {""statements_of_support"": ""86"", ""threshold"": ""9,000"", ""percentage"": ""0.96%""}, ""Luxembourg"": {""statements_of_support"": ""543"", ""threshold"": ""4,500"", ""percentage"": ""12.07%""}, ""Netherlands"": {""statements_of_support"": ""13,681"", ""threshold"": ""19,500"", ""percentage"": ""70.16%""}, ""Poland"": {""statements_of_support"": ""159,548"", ""threshold"": ""38,250"", ""percentage"": ""417.12%""}, ""Portugal"": {""statements_of_support"": ""1,891"", ""threshold"": ""16,500"", ""percentage"": ""11.46%""}, ""Romania"": {""statements_of_support"": ""61,652"", ""threshold"": ""24,750"", ""percentage"": ""249.10%""}, ""Slovakia"": {""statements_of_support"": ""30,759"", ""threshold"": ""9,750"", ""percentage"": ""315.48%""}, ""Slovenia"": {""statements_of_support"": ""775"", ""threshold"": ""6,000"", ""percentage"": ""12.92%""}, ""Spain"": {""statements_of_support"": ""225,032"", ""threshold"": ""40,500"", ""percentage"": ""555.63%""}, ""Sweden"": {""statements_of_support"": ""16,597"", ""threshold"": ""15,000"", ""percentage"": ""110.65%""}}",12.0,1119996.0,"139,616.83",21/12/2023,21/12/2022,
Free Public Transport,2022,01/01/2022,Collection Unsuccessful,Introduce free urban and regional public transport services across all EU member states to reduce car dependency and carbon emissions.,,https://citizens-initiative.europa.eu/initiatives/free-public-transport_en,"{""France"": {""statements_of_support"": ""8,256"", ""threshold"": ""55,500"", ""percentage"": ""14.88%""}, ""Germany"": {""statements_of_support"": ""9,593"", ""threshold"": ""74,250"", ""percentage"": ""12.92%""}, ""Portugal"": {""statements_of_support"": ""15,148"", ""threshold"": ""16,500"", ""percentage"": ""91.81%""}, ""Romania"": {""statements_of_support"": ""5,780"", ""threshold"": ""24,750"", ""percentage"": ""23.35%""}, ""Spain"": {""statements_of_support"": ""5,003"", ""threshold"": ""40,500"", ""percentage"": ""12.35%""}}",0.0,43780.0,"112,506.83",15/11/2023,15/11/2022,
Protect Old Growth Forests,2022,01/01/2022,Collection Unsuccessful,Establish a binding EU moratorium on logging in remaining old-growth and primary forests within EU territory and create a permanent protection status for identified areas.,,https://citizens-initiative.europa.eu/initiatives/protect-old-growth-forests_en,"{""Bulgaria"": {""statements_of_support"": ""5,017"", ""threshold"": ""13,500"", ""percentage"": ""37.16%""}, ""Germany"": {""statements_of_support"": ""20,181"", ""threshold"": ""74,250"", ""percentage"": ""27.18%""}, ""Italy"": {""statements_of_support"": ""19,060"", ""threshold"": ""54,750"", ""percentage"": ""34.81%""}, ""Poland"": {""statements_of_support"": ""5,930"", ""threshold"": ""38,250"", ""percentage"": ""15.50%""}, ""Spain"": {""statements_of_support"": ""11,242"", ""threshold"": ""40,500"", ""percentage"": ""27.76%""}}",0.0,61430.0,"134,149.36",27/10/2022,01/01/2022,
Ban Microplastics,2022,01/01/2022,Collection Unsuccessful,"Require EU-wide phase-out of intentionally added microplastics in cosmetics, detergents and agricultural products by 2028.",,https://citizens-initiative.europa.eu/initiatives/ban-microplastics_en,"{""Austria"": {""statements_of_support"": ""13,359"", ""threshold"": ""14,250"", ""percentage"": ""93.75%""}, ""Czechia"": {""statements_of_support"": ""17,031"", ""threshold"": ""16,500"", ""percentage"": ""103.22%""}, ""Germany"": {""statements_of_support"": ""25,135"", ""threshold"": ""74,250"", ""percentage"": ""33.85%""}, ""Poland"": {""statements_of_support"": ""13,708"", ""threshold"": ""38,250"", ""percentage"": ""35.84%""}, ""Spain"": {""statements_of_support"": ""18,199"", ""threshold"": ""40,500"", ""percentage"": ""44.94%""}}",0.0,87432.0,"175,754.61",,,
Ban Factory Farming,2023,01/01/2023,Collection Unsuccessful,"Prohibit intensive factory farming practices across all EU member states and phase out battery cages, gestation crates and overcrowded housing systems by 2030.",,https://citizens-initiative.europa.eu/initiatives/ban-factory-farming_en,"{""Czechia"": {""statements_of_support"": ""4,603"", ""threshold"": ""16,500"", ""percentage"": ""27.90%""}, ""France"": {""statements_of_support"": ""9,639"", ""threshold"": ""55,500"", ""percentage"": ""17.37%""}, ""Germany"": {""statements_of_support"": ""34,281"", ""threshold"": ""74,250"", ""percentage"": ""46.17%""}, ""Italy"": {""statements_of_support"": ""6,407"", ""threshold"": ""54,750"", ""percentage"": ""11.70%""}, ""Poland"": {""statements_of_support"": ""13,970"", ""threshold"": ""38,250"", ""percentage"": ""36.52%""}}",0.0,68900.0,"101,353.87",07/11/2023,01/01/2023,
End the Cage Age,2023,01/01/2023,Commission Engaged,"Propose legislation to phase out and ultimately prohibit the use of cages for farmed animals including laying hens, rabbits, pullets, broiler breeders, layer breeders, quail, ducks and geese.","The Commission commits to propose legislation to phase out and ban the use of cages for all animals listed in the initiative by 2027, in line with the Farm to Fork Strategy objectives and following a thorough impact assessment.",https://citizens-initiative.europa.eu/initiatives/end-cage-age_en,"{""Austria"": {""statements_of_support"": ""46,746"", ""threshold"": ""14,250"", ""percentage"": ""328.04%""}, ""Belgium"": {""statements_of_support"": ""13,298"", ""threshold"": ""16,500"", ""percentage"": ""80.59%""}, ""Bulgaria"": {""statements_of_support"": ""101,152"", ""threshold"": ""13,500"", ""percentage"": ""749.27%""}, ""Croatia"": {""statements_of_support"": ""8,912"", ""threshold"": ""8,250"", ""percentage"": ""108.02%""}, ""Czechia"": {""statements_of_support"": ""28,530"", ""threshold"": ""16,500"", ""percentage"": ""172.91%""}, ""Denmark"": {""statements_of_support"": ""1,375"", ""threshold"": ""9,750"", ""percentage"": ""14.10%""}, ""Estonia"": {""statements_of_support"": ""3,381"", ""threshold"": ""4,500"", ""percentage"": ""75.13%""}, ""Finland"": {""statements_of_support"": ""20,530"", ""threshold"": ""9,750"", ""percentage"": ""210.56%""}, ""France"": {""statements_of_support"": ""116,289"", ""threshold"": ""55,500"", ""percentage"": ""209.53%""}, ""Germany"": {""statements_of_support"": ""517,669"", ""threshold"": ""74,250"", ""percentage"": ""697.20%""}, ""Greece"": {""statements_of_support"": ""18,720"", ""threshold"": ""16,500"", ""percentage"": ""113.45%""}, ""Hungary"": {""statements_of_support"": ""1,817"", ""threshold"": ""16,500"", ""percentage"": ""11.01%""}, ""Ireland"": {""statements_of_support"": ""71,913"", ""threshold"": ""9,000"", ""percentage"": ""799.03%""}, ""Italy"": {""statements_of_support"": ""103,791"", ""threshold"": ""54,750"", ""percentage"": ""189.57%""}, ""Latvia"": {""statements_of_support"": ""19,762"", ""threshold"": ""6,750"", ""percentage"": ""292.77%""}, ""Lithuania"": {""statements_of_support"": ""5,309"", ""threshold"": ""9,000"", ""percentage"": ""58.99%""}, ""Malta"": {""statements_of_support"": ""78,491"", ""threshold"": ""4,500"", ""percentage"": ""1744.24%""}, ""Netherlands"": {""statements_of_support"": ""23,205"", ""threshold"": ""19,500"", ""percentage"": ""119.00%""}, ""Poland"": {""statements_of_support"": ""52,015"", ""threshold"": ""38,250"", ""percentage"": ""135.99%""}, ""Portugal"": {""statements_of_support"": ""19,831"", ""threshold"": ""16,500"", ""percentage"": ""120.19%""}, ""Romania"": {""statements_of_support"": ""14,181"", ""threshold"": ""24,750"", ""percentage"": ""57.30%""}, ""Slovakia"": {""statements_of_support"": ""5,835"", ""threshold"": ""9,750"", ""percentage"": ""59.85%""}, ""Slovenia"": {""statements_of_support"": ""8,292"", ""threshold"": ""6,000"", ""percentage"": ""138.20%""}, ""Spain"": {""statements_of_support"": ""88,910"", ""threshold"": ""40,500"", ""percentage"": ""219.53%""}, ""Sweden"": {""statements_of_support"": ""27,159"", ""threshold"": ""15,000"", ""percentage"": ""181.06%""}}",14.0,1397113.0,"449,657.55",,,
Ban Glyphosate Renewal,2023,01/01/2023,Collection Unsuccessful,Prevent the renewal of the EU authorisation for the herbicide glyphosate and phase out its use in all EU member states by 2025.,,https://citizens-initiative.europa.eu/initiatives/ban-glyphosate-renewal_en,"{""France"": {""statements_of_support"": ""25,218"", ""threshold"": ""55,500"", ""percentage"": ""45.44%""}, ""Germany"": {""statements_of_support"": ""26,408"", ""threshold"": ""74,250"", ""percentage"": ""35.57%""}, ""Italy"": {""statements_of_support"": ""9,577*"", ""threshold"": ""54,750"", ""percentage"": ""17.49%""}, ""Poland"": {""statements_of_support"": ""8,716"", ""threshold"": ""38,250"", ""percentage"": ""22.79%""}, ""Spain"": {""statements_of_support"": ""8,631"", ""threshold"": ""40,500"", ""percentage"": ""21.31%""}}",0.0,78550.0,"292,773.75",02/11/2023,01/01/2023,
Digital Rights Charter,2023,01/01/2023,Collection Unsuccessful,"Enshrine digital rights including the right to encryption, offline alternatives and algorithmic transparency into a binding EU charter.",,https://citizens-initiative.europa.eu/initiatives/digital-rights-charter_en,"{""Belgium"": {""statements_of_support"": ""6,929*"", ""threshold"": ""16,500"", ""percentage"": ""41.99%""}, ""Czechia"": {""statements_of_support"": ""10,461"", ""threshold"": ""16,500"", ""percentage"": ""63.40%""}, ""Germany"": {""statements_of_support"": ""10,334"", ""threshold"": ""74,250"", ""percentage"": ""13.92%""}, ""Italy"": {""statements_of_support"": ""15,948"", ""threshold"": ""54,750"", ""percentage"": ""29.13%""}, ""Portugal"": {""statements_of_support"": ""10,538"", ""threshold"": ""16,500"", ""percentage"": ""63.87%""}}",0.0,54210.0,"350,251.74",26/06/2024,26/06/2023,
Right to Water,2024,01/01/2024,Law Passed,"Recognise access to safe drinking water and sanitation as a human right, exclude water services from internal market rules and liberalisation, and strengthen EU efforts to achieve universal access to water and sanitation.","Following the European Citizens' Initiative 'Right2Water', the Commission carried out a public consultation and adopted a Communication reaffirming the commitment that water is a public good and a human right. The revised Drinking Water Directive adopted in 2020 strengthens the universal access obligation.",https://citizens-initiative.europa.eu/initiatives/right-to-water_en,"{""Austria"": {""statements_of_support"": ""51,261"", ""threshold"": ""14,250"", ""percentage"": ""359.73%""}, ""Belgium"": {""statements_of_support"": ""26,421"", ""threshold"": ""16,500"", ""percentage"": ""160.13%""}, ""Bulgaria"": {""statements_of_support"": ""151"", ""threshold"": ""13,500"", ""percentage"": ""1.12%""}, ""Croatia"": {""statements_of_support"": ""3,471"", ""threshold"": ""8,250"", ""percentage"": ""42.07%""}, ""Cyprus"": {""statements_of_support"": ""16"", ""threshold"": ""4,500"", ""percentage"": ""0.36%""}, ""Czechia"": {""statements_of_support"": ""25,880"", ""threshold"": ""16,500"", ""percentage"": ""156.85%""}, ""Denmark"": {""statements_of_support"": ""10,909"", ""threshold"": ""9,750"", ""percentage"": ""111.89%""}, ""Estonia"": {""statements_of_support"": ""1,820"", ""threshold"": ""4,500"", ""percentage"": ""40.44%""}, ""Finland"": {""statements_of_support"": ""12,813"", ""threshold"": ""9,750"", ""percentage"": ""131.42%""}, ""France"": {""statements_of_support"": ""319,509"", ""threshold"": ""55,500"", ""percentage"": ""575.69%""}, ""Germany"": {""statements_of_support"": ""622,349"", ""threshold"": ""74,250"", ""percentage"": ""838.18%""}, ""Greece"": {""statements_of_support"": ""45,692"", ""threshold"": ""16,500"", ""percentage"": ""276.92%""}, ""Hungary"": {""statements_of_support"": ""24,264"", ""threshold"": ""16,500"", ""percentage"": ""147.05%""}, ""Ireland"": {""statements_of_support"": ""47"", ""threshold"": ""9,000"", ""percentage"": ""0.52%""}, ""Italy"": {""statements_of_support"": ""164,095"", ""threshold"": ""54,750"", ""percentage"": ""299.72%""}, ""Latvia"": {""statements_of_support"": ""89*"", ""threshold"": ""6,750"", ""percentage"": ""1.32%""}, ""Lithuania"": {""statements_of_support"": ""24"", ""threshold"": ""9,000"", ""percentage"": ""0.27%""}, ""Netherlands"": {""statements_of_support"": ""34,106"", ""threshold"": ""19,500"", ""percentage"": ""174.90%""}, ""Poland"": {""statements_of_support"": ""49,637"", ""threshold"": ""38,250"", ""percentage"": ""129.77%""}, ""Portugal"": {""statements_of_support"": ""59,779"", ""threshold"": ""16,500"", ""percentage"": ""362.30%""}, ""Romania"": {""statements_of_support"": ""41,139"", ""threshold"": ""24,750"", ""percentage"": ""166.22%""}, ""Slovakia"": {""statements_of_support"": ""38,977"", ""threshold"": ""9,750"", ""percentage"": ""399.76%""}, ""Slovenia"": {""statements_of_support"": ""4,736"", ""threshold"": ""6,000"", ""percentage"": ""78.93%""}, ""Spain"": {""statements_of_support"": ""102,161"", ""threshold"": ""40,500"", ""percentage"": ""252.25%""}, ""Sweden"": {""statements_of_support"": ""20,197"", ""threshold"": ""15,000"", ""percentage"": ""134.65%""}}",18.0,1659543.0,"182,759.16",,,"Following the initiative, the Commission proposed a revision of the Drinking Water Directive. On 16 December 2020, the European Parliament formally adopted the revised Drinking Water Directive (Directive (EU) 2020/2184). The Directive entered into force on 12 January 2021. Member States had until 12 January 2023 to transpose it into national legislation, introducing mandatory access to safe water for vulnerable and marginalised groups."
Fur Free Europe,2024,01/01/2024,Law Passed,Ban the farming of animals for their fur across all EU member states and prohibit the import and export of fur and fur products into and from the EU.,The Commission acknowledges the citizens' concerns regarding animal welfare in fur farming. It will assess the feasibility of an EU-wide ban in the context of the upcoming revision of the Animal Welfare legislation and the Farm to Fork Strategy.,https://citizens-initiative.europa.eu/initiatives/fur-free-europe_en,"{""Austria"": {""statements_of_support"": ""119,452"", ""threshold"": ""14,250"", ""percentage"": ""838.26%""}, ""Belgium"": {""statements_of_support"": ""78,785"", ""threshold"": ""16,500"", ""percentage"": ""477.48%""}, ""Bulgaria"": {""statements_of_support"": ""6,608"", ""threshold"": ""13,500"", ""percentage"": ""48.95%""}, ""Croatia"": {""statements_of_support"": ""16,258"", ""threshold"": ""8,250"", ""percentage"": ""197.07%""}, ""Cyprus"": {""statements_of_support"": ""30"", ""threshold"": ""4,500"", ""percentage"": ""0.67%""}, ""Czechia"": {""statements_of_support"": ""23,706"", ""threshold"": ""16,500"", ""percentage"": ""143.67%""}, ""Denmark"": {""statements_of_support"": ""12,281"", ""threshold"": ""9,750"", ""percentage"": ""125.96%""}, ""Finland"": {""statements_of_support"": ""78*"", ""threshold"": ""9,750"", ""percentage"": ""0.80%""}, ""France"": {""statements_of_support"": ""235,018"", ""threshold"": ""55,500"", ""percentage"": ""423.46%""}, ""Germany"": {""statements_of_support"": ""326,441"", ""threshold"": ""74,250"", ""percentage"": ""439.65%""}, ""Greece"": {""statements_of_support"": ""41,496"", ""threshold"": ""16,500"", ""percentage"": ""251.49%""}, ""Hungary"": {""statements_of_support"": ""50,556"", ""threshold"": ""16,500"", ""percentage"": ""306.40%""}, ""Ireland"": {""statements_of_support"": ""458"", ""threshold"": ""9,000"", ""percentage"": ""5.09%""}, ""Italy"": {""statements_of_support"": ""183,455"", ""threshold"": ""54,750"", ""percentage"": ""335.08%""}, ""Latvia"": {""statements_of_support"": ""4,577"", ""threshold"": ""6,750"", ""percentage"": ""67.81%""}, ""Lithuania"": {""statements_of_support"": ""14,162"", ""threshold"": ""9,000"", ""percentage"": ""157.36%""}, ""Luxembourg"": {""statements_of_support"": ""23"", ""threshold"": ""4,500"", ""percentage"": ""0.51%""}, ""Netherlands"": {""statements_of_support"": ""62,364"", ""threshold"": ""19,500"", ""percentage"": ""319.82%""}, ""Poland"": {""statements_of_support"": ""45,917"", ""threshold"": ""38,250"", ""percentage"": ""120.04%""}, ""Portugal"": {""statements_of_support"": ""11,395"", ""threshold"": ""16,500"", ""percentage"": ""69.06%""}, ""Romania"": {""statements_of_support"": ""72,944"", ""threshold"": ""24,750"", ""percentage"": ""294.72%""}, ""Slovakia"": {""statements_of_support"": ""52,383"", ""threshold"": ""9,750"", ""percentage"": ""537.26%""}, ""Slovenia"": {""statements_of_support"": ""3,254"", ""threshold"": ""6,000"", ""percentage"": ""54.23%""}, ""Spain"": {""statements_of_support"": ""135,964"", ""threshold"": ""40,500"", ""percentage"": ""335.71%""}, ""Sweden"": {""statements_of_support"": ""4,714"", ""threshold"": ""15,000"", ""percentage"": ""31.43%""}}",16.0,1502319.0,"307,559.88",,,"The European Parliament adopted a resolution on 14 February 2023 calling on the Commission to propose a Union-wide ban on fur farming and the placing on the market of fur products. The Commission included a legislative proposal on the welfare of farmed animals, covering fur farming, in its 2024–2029 Work Programme. A Regulation phasing out fur farming across all EU Member States was adopted on 22 October 2025 and entered into force on 1 January 2026, with a transitional period for existing farms until 31 December 2027."
EU Housing Guarantee,2024,01/01/2024,Collection Unsuccessful,Establish a legally binding EU-level right to affordable housing and require member states to cap rent increases and expand social housing stock.,,https://citizens-initiative.europa.eu/initiatives/eu-housing-guarantee_en,"{""Czechia"": {""statements_of_support"": ""11,750"", ""threshold"": ""16,500"", ""percentage"": ""71.21%""}, ""France"": {""statements_of_support"": ""27,322"", ""threshold"": ""55,500"", ""percentage"": ""49.23%""}, ""Germany"": {""statements_of_support"": ""15,030"", ""threshold"": ""74,250"", ""percentage"": ""20.24%""}, ""Italy"": {""statements_of_support"": ""19,785"", ""threshold"": ""54,750"", ""percentage"": ""36.14%""}, ""Spain"": {""statements_of_support"": ""21,423"", ""threshold"": ""40,500"", ""percentage"": ""52.90%""}}",0.0,95310.0,"328,930.23",02/12/2024,01/01/2024,
Mandatory Climate Education,2024,01/01/2024,Collection Unsuccessful,Require all EU member states to include mandatory climate change and sustainability education in national school curricula from primary level onwards.,,https://citizens-initiative.europa.eu/initiatives/mandatory-climate-education_en,"{""Czechia"": {""statements_of_support"": ""3,526"", ""threshold"": ""16,500"", ""percentage"": ""21.37%""}, ""France"": {""statements_of_support"": ""8,688"", ""threshold"": ""55,500"", ""percentage"": ""15.65%""}, ""Germany"": {""statements_of_support"": ""6,322"", ""threshold"": ""74,250"", ""percentage"": ""8.51%""}, ""Italy"": {""statements_of_support"": ""8,594*"", ""threshold"": ""54,750"", ""percentage"": ""15.70%""}, ""Poland"": {""statements_of_support"": ""4,070"", ""threshold"": ""38,250"", ""percentage"": ""10.64%""}}",0.0,31200.0,"372,703.96",06/07/2025,06/07/2024,
Fair Digital Platform Work,2025,01/01/2025,Collection Ongoing,"Guarantee minimum standards for platform workers, including transparent algorithmic management, fair pay, and effective collective bargaining rights.",,https://citizens-initiative.europa.eu/initiatives/fair-digital-platform-work_en,"{""Austria"": {""statements_of_support"": ""4,594"", ""threshold"": ""14,250"", ""percentage"": ""32.24%""}, ""Belgium"": {""statements_of_support"": ""198"", ""threshold"": ""16,500"", ""percentage"": ""1.20%""}, ""Bulgaria"": {""statements_of_support"": ""5,595"", ""threshold"": ""13,500"", ""percentage"": ""41.44%""}, ""Croatia"": {""statements_of_support"": ""134*"", ""threshold"": ""8,250"", ""percentage"": ""1.62%""}, ""Cyprus"": {""statements_of_support"": ""1"", ""threshold"": ""4,500"", ""percentage"": ""0.02%""}, ""Czechia"": {""statements_of_support"": ""2,891"", ""threshold"": ""16,500"", ""percentage"": ""17.52%""}, ""Denmark"": {""statements_of_support"": ""9,543"", ""threshold"": ""9,750"", ""percentage"": ""97.88%""}, ""Estonia"": {""statements_of_support"": ""10,321"", ""threshold"": ""4,500"", ""percentage"": ""229.36%""}, ""Finland"": {""statements_of_support"": ""8,245"", ""threshold"": ""9,750"", ""percentage"": ""84.56%""}, ""France"": {""statements_of_support"": ""40,454"", ""threshold"": ""55,500"", ""percentage"": ""72.89%""}, ""Germany"": {""statements_of_support"": ""48,365"", ""threshold"": ""74,250"", ""percentage"": ""65.14%""}, ""Greece"": {""statements_of_support"": ""7,196"", ""threshold"": ""16,500"", ""percentage"": ""43.61%""}, ""Hungary"": {""statements_of_support"": ""7,561"", ""threshold"": ""16,500"", ""percentage"": ""45.82%""}, ""Ireland"": {""statements_of_support"": ""575"", ""threshold"": ""9,000"", ""percentage"": ""6.39%""}, ""Italy"": {""statements_of_support"": ""31,173"", ""threshold"": ""54,750"", ""percentage"": ""56.94%""}, ""Netherlands"": {""statements_of_support"": ""4,233*"", ""threshold"": ""19,500"", ""percentage"": ""21.71%""}, ""Poland"": {""statements_of_support"": ""22,671"", ""threshold"": ""38,250"", ""percentage"": ""59.27%""}, ""Portugal"": {""statements_of_support"": ""4,297"", ""threshold"": ""16,500"", ""percentage"": ""26.04%""}, ""Romania"": {""statements_of_support"": ""21,979"", ""threshold"": ""24,750"", ""percentage"": ""88.80%""}, ""Slovakia"": {""statements_of_support"": ""1,647"", ""threshold"": ""9,750"", ""percentage"": ""16.89%""}, ""Slovenia"": {""statements_of_support"": ""4,106"", ""threshold"": ""6,000"", ""percentage"": ""68.43%""}, ""Spain"": {""statements_of_support"": ""19,224"", ""threshold"": ""40,500"", ""percentage"": ""47.47%""}, ""Sweden"": {""statements_of_support"": ""8,897"", ""threshold"": ""15,000"", ""percentage"": ""59.31%""}}",4.0,263900.0,"16,376.02",,15/03/2025,
End Dark Patterns Online,2025,01/01/2025,Collection Unsuccessful,Prohibit deceptive dark pattern design practices in online platforms and require transparent user interfaces that respect informed consent.,,https://citizens-initiative.europa.eu/initiatives/end-dark-patterns-online_en,"{""France"": {""statements_of_support"": ""8,127"", ""threshold"": ""55,500"", ""percentage"": ""14.64%""}, ""Germany"": {""statements_of_support"": ""10,095"", ""threshold"": ""74,250"", ""percentage"": ""13.60%""}, ""Poland"": {""statements_of_support"": ""4,424"", ""threshold"": ""38,250"", ""percentage"": ""11.57%""}, ""Spain"": {""statements_of_support"": ""4,740"", ""threshold"": ""40,500"", ""percentage"": ""11.70%""}, ""Sweden"": {""statements_of_support"": ""2,484"", ""threshold"": ""15,000"", ""percentage"": ""16.56%""}}",0.0,29870.0,"129,247.88",,,
Save Bees and Farmers,2025,01/01/2025,Awaiting Response,Restore biodiversity and transition to nature-friendly farming by reducing synthetic pesticide use by 80% by 2030 and restoring natural ecosystems on at least 10% of agricultural land.,,https://citizens-initiative.europa.eu/initiatives/save-bees-and-farmers_en,"{""Austria"": {""statements_of_support"": ""62,828"", ""threshold"": ""14,250"", ""percentage"": ""440.90%""}, ""Belgium"": {""statements_of_support"": ""17,975"", ""threshold"": ""16,500"", ""percentage"": ""108.94%""}, ""Bulgaria"": {""statements_of_support"": ""6,807"", ""threshold"": ""13,500"", ""percentage"": ""50.42%""}, ""Croatia"": {""statements_of_support"": ""9,568"", ""threshold"": ""8,250"", ""percentage"": ""115.98%""}, ""Cyprus"": {""statements_of_support"": ""340"", ""threshold"": ""4,500"", ""percentage"": ""7.56%""}, ""Czechia"": {""statements_of_support"": ""31,105"", ""threshold"": ""16,500"", ""percentage"": ""188.52%""}, ""Denmark"": {""statements_of_support"": ""307"", ""threshold"": ""9,750"", ""percentage"": ""3.15%""}, ""Estonia"": {""statements_of_support"": ""377*"", ""threshold"": ""4,500"", ""percentage"": ""8.38%""}, ""Finland"": {""statements_of_support"": ""64"", ""threshold"": ""9,750"", ""percentage"": ""0.66%""}, ""France"": {""statements_of_support"": ""69,816"", ""threshold"": ""55,500"", ""percentage"": ""125.79%""}, ""Germany"": {""statements_of_support"": ""190,204"", ""threshold"": ""74,250"", ""percentage"": ""256.17%""}, ""Greece"": {""statements_of_support"": ""13,382"", ""threshold"": ""16,500"", ""percentage"": ""81.10%""}, ""Hungary"": {""statements_of_support"": ""4,474"", ""threshold"": ""16,500"", ""percentage"": ""27.12%""}, ""Ireland"": {""statements_of_support"": ""8,778"", ""threshold"": ""9,000"", ""percentage"": ""97.53%""}, ""Italy"": {""statements_of_support"": ""108,734"", ""threshold"": ""54,750"", ""percentage"": ""198.60%""}, ""Latvia"": {""statements_of_support"": ""26,838"", ""threshold"": ""6,750"", ""percentage"": ""397.60%""}, ""Lithuania"": {""statements_of_support"": ""4,466"", ""threshold"": ""9,000"", ""percentage"": ""49.62%""}, ""Netherlands"": {""statements_of_support"": ""89,172"", ""threshold"": ""19,500"", ""percentage"": ""457.29%""}, ""Poland"": {""statements_of_support"": ""235,472"", ""threshold"": ""38,250"", ""percentage"": ""615.61%""}, ""Portugal"": {""statements_of_support"": ""48,917"", ""threshold"": ""16,500"", ""percentage"": ""296.47%""}, ""Romania"": {""statements_of_support"": ""62,793"", ""threshold"": ""24,750"", ""percentage"": ""253.71%""}, ""Slovakia"": {""statements_of_support"": ""393"", ""threshold"": ""9,750"", ""percentage"": ""4.03%""}, ""Slovenia"": {""statements_of_support"": ""24"", ""threshold"": ""6,000"", ""percentage"": ""0.40%""}, ""Spain"": {""statements_of_support"": ""54,958"", ""threshold"": ""40,500"", ""percentage"": ""135.70%""}, ""Sweden"": {""statements_of_support"": ""6,528"", ""threshold"": ""15,000"", ""percentage"": ""43.52%""}}",11.0,1054320.0,"452,653.75",,,
Protect Whistleblowers in EU Funds,2025,01/01/2025,Collection Ongoing,"Improve protection for whistleblowers reporting fraud and corruption involving EU funds, with secure reporting channels and safeguards against retaliation.",,https://citizens-initiative.europa.eu/initiatives/protect-whistleblowers-eu-funds_en,"{""Czechia"": {""statements_of_support"": ""6,762"", ""threshold"": ""16,500"", ""percentage"": ""40.98%""}, ""France"": {""statements_of_support"": ""8,284"", ""threshold"": ""55,500"", ""percentage"": ""14.93%""}, ""Germany"": {""statements_of_support"": ""11,433"", ""threshold"": ""74,250"", ""percentage"": ""15.40%""}, ""Italy"": {""statements_of_support"": ""17,784"", ""threshold"": ""54,750"", ""percentage"": ""32.48%""}, ""Poland"": {""statements_of_support"": ""11,597"", ""threshold"": ""38,250"", ""percentage"": ""30.32%""}}",1.0,55860.0,"151,730.70",,01/04/2025,
Ban Facial Recognition in Public,2025,01/01/2025,Collection Ongoing,"Prohibit real-time facial recognition and biometric mass surveillance in publicly accessible spaces across the EU, with narrow exceptions.",,https://citizens-initiative.europa.eu/initiatives/ban-facial-recognition-public_en,"{""Austria"": {""statements_of_support"": ""9,277"", ""threshold"": ""14,250"", ""percentage"": ""65.10%""}, ""Belgium"": {""statements_of_support"": ""8,069"", ""threshold"": ""16,500"", ""percentage"": ""48.90%""}, ""Bulgaria"": {""statements_of_support"": ""924"", ""threshold"": ""13,500"", ""percentage"": ""6.84%""}, ""Cyprus"": {""statements_of_support"": ""1,208"", ""threshold"": ""4,500"", ""percentage"": ""26.84%""}, ""Czechia"": {""statements_of_support"": ""2,098"", ""threshold"": ""16,500"", ""percentage"": ""12.72%""}, ""Estonia"": {""statements_of_support"": ""64"", ""threshold"": ""4,500"", ""percentage"": ""1.42%""}, ""Finland"": {""statements_of_support"": ""7,839"", ""threshold"": ""9,750"", ""percentage"": ""80.40%""}, ""France"": {""statements_of_support"": ""61,472"", ""threshold"": ""55,500"", ""percentage"": ""110.76%""}, ""Germany"": {""statements_of_support"": ""104,050"", ""threshold"": ""74,250"", ""percentage"": ""140.13%""}, ""Greece"": {""statements_of_support"": ""5,054"", ""threshold"": ""16,500"", ""percentage"": ""30.63%""}, ""Hungary"": {""statements_of_support"": ""7,147"", ""threshold"": ""16,500"", ""percentage"": ""43.32%""}, ""Ireland"": {""statements_of_support"": ""3,488*"", ""threshold"": ""9,000"", ""percentage"": ""38.76%""}, ""Italy"": {""statements_of_support"": ""80,751"", ""threshold"": ""54,750"", ""percentage"": ""147.49%""}, ""Latvia"": {""statements_of_support"": ""3,284"", ""threshold"": ""6,750"", ""percentage"": ""48.65%""}, ""Lithuania"": {""statements_of_support"": ""1,465"", ""threshold"": ""9,000"", ""percentage"": ""16.28%""}, ""Luxembourg"": {""statements_of_support"": ""264"", ""threshold"": ""4,500"", ""percentage"": ""5.87%""}, ""Netherlands"": {""statements_of_support"": ""6,481"", ""threshold"": ""19,500"", ""percentage"": ""33.24%""}, ""Poland"": {""statements_of_support"": ""42,046"", ""threshold"": ""38,250"", ""percentage"": ""109.92%""}, ""Portugal"": {""statements_of_support"": ""3,920"", ""threshold"": ""16,500"", ""percentage"": ""23.76%""}, ""Romania"": {""statements_of_support"": ""11,803"", ""threshold"": ""24,750"", ""percentage"": ""47.69%""}, ""Slovakia"": {""statements_of_support"": ""4,262"", ""threshold"": ""9,750"", ""percentage"": ""43.71%""}, ""Slovenia"": {""statements_of_support"": ""287"", ""threshold"": ""6,000"", ""percentage"": ""4.78%""}, ""Spain"": {""statements_of_support"": ""46,926"", ""threshold"": ""40,500"", ""percentage"": ""115.87%""}, ""Sweden"": {""statements_of_support"": ""3,601"", ""threshold"": ""15,000"", ""percentage"": ""24.01%""}}",6.0,415780.0,"190,507.68",,20/05/2025,
Stop Greenwashing Claims,2025,01/01/2025,Collection Ongoing,"Prohibit misleading environmental marketing claims by requiring substantiation, standard labels, and strong penalties for repeat offenders.",,https://citizens-initiative.europa.eu/initiatives/stop-greenwashing-claims_en,"{""Belgium"": {""statements_of_support"": ""15,735"", ""threshold"": ""16,500"", ""percentage"": ""95.36%""}, ""Czechia"": {""statements_of_support"": ""22,861"", ""threshold"": ""16,500"", ""percentage"": ""138.55%""}, ""France"": {""statements_of_support"": ""34,266"", ""threshold"": ""55,500"", ""percentage"": ""61.74%""}, ""Germany"": {""statements_of_support"": ""53,127"", ""threshold"": ""74,250"", ""percentage"": ""71.55%""}, ""Greece"": {""statements_of_support"": ""18,511"", ""threshold"": ""16,500"", ""percentage"": ""112.19%""}}",3.0,144500.0,"220,790.04",,10/06/2025,
European Rail Night Revival,2025,01/02/2025,Collection Ongoing,"Create an EU framework to expand cross-border night trains, improve ticketing interoperability, and prioritise rail over short-haul flights.",,https://citizens-initiative.europa.eu/initiatives/european-rail-night-revival_en,"{""France"": {""statements_of_support"": ""28,281"", ""threshold"": ""55,500"", ""percentage"": ""50.96%""}, ""Germany"": {""statements_of_support"": ""28,454"", ""threshold"": ""74,250"", ""percentage"": ""38.32%""}, ""Hungary"": {""statements_of_support"": ""20,607"", ""threshold"": ""16,500"", ""percentage"": ""124.89%""}, ""Netherlands"": {""statements_of_support"": ""14,003"", ""threshold"": ""19,500"", ""percentage"": ""71.81%""}, ""Spain"": {""statements_of_support"": ""29,985"", ""threshold"": ""40,500"", ""percentage"": ""74.04%""}}",2.0,121330.0,"119,134.58",,01/09/2025,
European Accessible Cities,2026,01/01/2026,Collection Ongoing,Ensure barrier-free access in public spaces and transport by setting EU accessibility benchmarks for cities and funding upgrades.,,https://citizens-initiative.europa.eu/initiatives/european-accessible-cities_en,"{""France"": {""statements_of_support"": ""13,256"", ""threshold"": ""55,500"", ""percentage"": ""23.88%""}, ""Germany"": {""statements_of_support"": ""27,338"", ""threshold"": ""74,250"", ""percentage"": ""36.82%""}, ""Netherlands"": {""statements_of_support"": ""11,153"", ""threshold"": ""19,500"", ""percentage"": ""57.19%""}, ""Portugal"": {""statements_of_support"": ""5,646"", ""threshold"": ""16,500"", ""percentage"": ""34.22%""}, ""Spain"": {""statements_of_support"": ""10,927"", ""threshold"": ""40,500"", ""percentage"": ""26.98%""}}",1.0,68320.0,"126,853.23",,15/02/2026,
Ban PFAS Forever Chemicals,2026,01/01/2026,Collection Ongoing,"Phase out PFAS in consumer products and industrial uses where safer alternatives exist, with strict derogations and full transparency.",,https://citizens-initiative.europa.eu/initiatives/ban-pfas-forever-chemicals_en,"{""France"": {""statements_of_support"": ""60,811"", ""threshold"": ""55,500"", ""percentage"": ""109.57%""}, ""Germany"": {""statements_of_support"": ""45,342"", ""threshold"": ""74,250"", ""percentage"": ""61.07%""}, ""Italy"": {""statements_of_support"": ""36,675"", ""threshold"": ""54,750"", ""percentage"": ""66.99%""}, ""Netherlands"": {""statements_of_support"": ""33,601"", ""threshold"": ""19,500"", ""percentage"": ""172.31%""}, ""Poland"": {""statements_of_support"": ""12,021"", ""threshold"": ""38,250"", ""percentage"": ""31.43%""}}",3.0,188450.0,"431,057.16",,01/02/2026,
EU Right to Repair Plus,2026,01/01/2026,Collection Ongoing,"Strengthen the right to repair by extending spare-parts availability, mandating repairability scores, and limiting software locks that hinder repair.",,https://citizens-initiative.europa.eu/initiatives/eu-right-to-repair-plus_en,"{""Austria"": {""statements_of_support"": ""6,038"", ""threshold"": ""14,250"", ""percentage"": ""42.37%""}, ""Belgium"": {""statements_of_support"": ""13,886"", ""threshold"": ""16,500"", ""percentage"": ""84.16%""}, ""Bulgaria"": {""statements_of_support"": ""1"", ""threshold"": ""13,500"", ""percentage"": ""0.01%""}, ""Cyprus"": {""statements_of_support"": ""3*"", ""threshold"": ""4,500"", ""percentage"": ""0.07%""}, ""Czechia"": {""statements_of_support"": ""11,841"", ""threshold"": ""16,500"", ""percentage"": ""71.76%""}, ""Denmark"": {""statements_of_support"": ""39"", ""threshold"": ""9,750"", ""percentage"": ""0.40%""}, ""Finland"": {""statements_of_support"": ""61"", ""threshold"": ""9,750"", ""percentage"": ""0.63%""}, ""France"": {""statements_of_support"": ""32,002"", ""threshold"": ""55,500"", ""percentage"": ""57.66%""}, ""Germany"": {""statements_of_support"": ""60,341"", ""threshold"": ""74,250"", ""percentage"": ""81.27%""}, ""Greece"": {""statements_of_support"": ""8,432*"", ""threshold"": ""16,500"", ""percentage"": ""51.10%""}, ""Hungary"": {""statements_of_support"": ""3,014"", ""threshold"": ""16,500"", ""percentage"": ""18.27%""}, ""Ireland"": {""statements_of_support"": ""1,830"", ""threshold"": ""9,000"", ""percentage"": ""20.33%""}, ""Italy"": {""statements_of_support"": ""29,089"", ""threshold"": ""54,750"", ""percentage"": ""53.13%""}, ""Latvia"": {""statements_of_support"": ""165"", ""threshold"": ""6,750"", ""percentage"": ""2.44%""}, ""Netherlands"": {""statements_of_support"": ""6,876"", ""threshold"": ""19,500"", ""percentage"": ""35.26%""}, ""Poland"": {""statements_of_support"": ""27,630"", ""threshold"": ""38,250"", ""percentage"": ""72.24%""}, ""Portugal"": {""statements_of_support"": ""3,288"", ""threshold"": ""16,500"", ""percentage"": ""19.93%""}, ""Romania"": {""statements_of_support"": ""10,768"", ""threshold"": ""24,750"", ""percentage"": ""43.51%""}, ""Slovakia"": {""statements_of_support"": ""286"", ""threshold"": ""9,750"", ""percentage"": ""2.93%""}, ""Slovenia"": {""statements_of_support"": ""32,358"", ""threshold"": ""6,000"", ""percentage"": ""539.30%""}, ""Spain"": {""statements_of_support"": ""59,011"", ""threshold"": ""40,500"", ""percentage"": ""145.71%""}, ""Sweden"": {""statements_of_support"": ""2,161"", ""threshold"": ""15,000"", ""percentage"": ""14.41%""}}",5.0,309120.0,"106,054.64",,10/01/2026,
Clean Air for Europe,2026,01/01/2026,Collection Ongoing,"Set binding EU-wide air quality targets aligned with WHO guidelines, strengthen enforcement, and expand monitoring in urban areas.",,https://citizens-initiative.europa.eu/initiatives/clean-air-for-europe_en,"{""France"": {""statements_of_support"": ""17,408"", ""threshold"": ""55,500"", ""percentage"": ""31.37%""}, ""Germany"": {""statements_of_support"": ""33,207"", ""threshold"": ""74,250"", ""percentage"": ""44.72%""}, ""Romania"": {""statements_of_support"": ""7,926"", ""threshold"": ""24,750"", ""percentage"": ""32.02%""}, ""Slovakia"": {""statements_of_support"": ""7,520"", ""threshold"": ""9,750"", ""percentage"": ""77.13%""}, ""Spain"": {""statements_of_support"": ""8,149"", ""threshold"": ""40,500"", ""percentage"": ""20.12%""}}",1.0,74210.0,"245,063.09",,20/03/2026,
Protect EU Borders,2026,01/01/2026,Collection Unsuccessful,Strengthen EU external border controls and establish a permanent EU border protection force with enhanced mandate to prevent illegal crossings and ensure the security of member states' territorial integrity.,,https://citizens-initiative.europa.eu/initiatives/protect-eu-borders_en,"{""France"": {""statements_of_support"": ""41,354"", ""threshold"": ""55,500"", ""percentage"": ""74.51%""}, ""Italy"": {""statements_of_support"": ""36,228"", ""threshold"": ""54,750"", ""percentage"": ""66.17%""}, ""Netherlands"": {""statements_of_support"": ""8,613"", ""threshold"": ""19,500"", ""percentage"": ""44.17%""}, ""Poland"": {""statements_of_support"": ""14,473"", ""threshold"": ""38,250"", ""percentage"": ""37.84%""}, ""Spain"": {""statements_of_support"": ""19,832"", ""threshold"": ""40,500"", ""percentage"": ""48.97%""}}",2.0,120500.0,"23,568.74",04/08/2027,04/08/2026,
AI Regulation for Workers,2026,01/01/2026,Collection Ongoing,"Ensure that AI systems used in employment contexts are subject to human oversight, algorithmic transparency, and workers' right to explanation for any automated decision affecting their employment conditions.",,https://citizens-initiative.europa.eu/initiatives/ai-regulation-workers_en,"{""Austria"": {""statements_of_support"": ""741"", ""threshold"": ""14,250"", ""percentage"": ""5.20%""}, ""Belgium"": {""statements_of_support"": ""6,497"", ""threshold"": ""16,500"", ""percentage"": ""39.38%""}, ""Bulgaria"": {""statements_of_support"": ""46,480"", ""threshold"": ""13,500"", ""percentage"": ""344.30%""}, ""Croatia"": {""statements_of_support"": ""5,725"", ""threshold"": ""8,250"", ""percentage"": ""69.39%""}, ""Cyprus"": {""statements_of_support"": ""8,689"", ""threshold"": ""4,500"", ""percentage"": ""193.09%""}, ""Czechia"": {""statements_of_support"": ""2,002"", ""threshold"": ""16,500"", ""percentage"": ""12.13%""}, ""Denmark"": {""statements_of_support"": ""6,513"", ""threshold"": ""9,750"", ""percentage"": ""66.80%""}, ""Estonia"": {""statements_of_support"": ""5,306"", ""threshold"": ""4,500"", ""percentage"": ""117.91%""}, ""Finland"": {""statements_of_support"": ""310"", ""threshold"": ""9,750"", ""percentage"": ""3.18%""}, ""France"": {""statements_of_support"": ""53,648"", ""threshold"": ""55,500"", ""percentage"": ""96.66%""}, ""Germany"": {""statements_of_support"": ""70,488"", ""threshold"": ""74,250"", ""percentage"": ""94.93%""}, ""Greece"": {""statements_of_support"": ""829"", ""threshold"": ""16,500"", ""percentage"": ""5.02%""}, ""Hungary"": {""statements_of_support"": ""4,145"", ""threshold"": ""16,500"", ""percentage"": ""25.12%""}, ""Ireland"": {""statements_of_support"": ""14"", ""threshold"": ""9,000"", ""percentage"": ""0.16%""}, ""Italy"": {""statements_of_support"": ""65,974"", ""threshold"": ""54,750"", ""percentage"": ""120.50%""}, ""Latvia"": {""statements_of_support"": ""7,470"", ""threshold"": ""6,750"", ""percentage"": ""110.67%""}, ""Lithuania"": {""statements_of_support"": ""17"", ""threshold"": ""9,000"", ""percentage"": ""0.19%""}, ""Netherlands"": {""statements_of_support"": ""15,715"", ""threshold"": ""19,500"", ""percentage"": ""80.59%""}, ""Poland"": {""statements_of_support"": ""31,731"", ""threshold"": ""38,250"", ""percentage"": ""82.96%""}, ""Portugal"": {""statements_of_support"": ""4,369"", ""threshold"": ""16,500"", ""percentage"": ""26.48%""}, ""Romania"": {""statements_of_support"": ""49,471"", ""threshold"": ""24,750"", ""percentage"": ""199.88%""}, ""Slovakia"": {""statements_of_support"": ""19,691"", ""threshold"": ""9,750"", ""percentage"": ""201.96%""}, ""Slovenia"": {""statements_of_support"": ""57"", ""threshold"": ""6,000"", ""percentage"": ""0.95%""}, ""Spain"": {""statements_of_support"": ""17,384"", ""threshold"": ""40,500"", ""percentage"": ""42.92%""}, ""Sweden"": {""statements_of_support"": ""26,734"", ""threshold"": ""15,000"", ""percentage"": ""178.23%""}}",5.0,450000.0,"301,546.65",,05/02/2026,
Tax the Rich,2026,01/01/2026,Collection Ongoing,"Introduce a progressive EU-wide net wealth tax on individuals holding assets above €1 million to fund the green transition, reduce inequality, and finance public services across member states.",,https://citizens-initiative.europa.eu/initiatives/tax-the-rich_en,"{""Austria"": {""statements_of_support"": ""32,279"", ""threshold"": ""14,250"", ""percentage"": ""226.52%""}, ""Belgium"": {""statements_of_support"": ""23,771"", ""threshold"": ""16,500"", ""percentage"": ""144.07%""}, ""Bulgaria"": {""statements_of_support"": ""15,289"", ""threshold"": ""13,500"", ""percentage"": ""113.25%""}, ""Croatia"": {""statements_of_support"": ""30,375"", ""threshold"": ""8,250"", ""percentage"": ""368.18%""}, ""Cyprus"": {""statements_of_support"": ""42,134"", ""threshold"": ""4,500"", ""percentage"": ""936.31%""}, ""Czechia"": {""statements_of_support"": ""23,469"", ""threshold"": ""16,500"", ""percentage"": ""142.24%""}, ""Denmark"": {""statements_of_support"": ""26,147"", ""threshold"": ""9,750"", ""percentage"": ""268.17%""}, ""Finland"": {""statements_of_support"": ""263"", ""threshold"": ""9,750"", ""percentage"": ""2.70%""}, ""France"": {""statements_of_support"": ""95,622"", ""threshold"": ""55,500"", ""percentage"": ""172.29%""}, ""Germany"": {""statements_of_support"": ""256,052"", ""threshold"": ""74,250"", ""percentage"": ""344.85%""}, ""Greece"": {""statements_of_support"": ""7,918"", ""threshold"": ""16,500"", ""percentage"": ""47.99%""}, ""Hungary"": {""statements_of_support"": ""4,315*"", ""threshold"": ""16,500"", ""percentage"": ""26.15%""}, ""Ireland"": {""statements_of_support"": ""9"", ""threshold"": ""9,000"", ""percentage"": ""0.10%""}, ""Italy"": {""statements_of_support"": ""103,904"", ""threshold"": ""54,750"", ""percentage"": ""189.78%""}, ""Luxembourg"": {""statements_of_support"": ""15"", ""threshold"": ""4,500"", ""percentage"": ""0.33%""}, ""Netherlands"": {""statements_of_support"": ""7,155"", ""threshold"": ""19,500"", ""percentage"": ""36.69%""}, ""Poland"": {""statements_of_support"": ""98,287"", ""threshold"": ""38,250"", ""percentage"": ""256.96%""}, ""Portugal"": {""statements_of_support"": ""38,794"", ""threshold"": ""16,500"", ""percentage"": ""235.12%""}, ""Romania"": {""statements_of_support"": ""60,231"", ""threshold"": ""24,750"", ""percentage"": ""243.36%""}, ""Slovenia"": {""statements_of_support"": ""915"", ""threshold"": ""6,000"", ""percentage"": ""15.25%""}, ""Spain"": {""statements_of_support"": ""104,019"", ""threshold"": ""40,500"", ""percentage"": ""256.84%""}, ""Sweden"": {""statements_of_support"": ""29,137"", ""threshold"": ""15,000"", ""percentage"": ""194.25%""}}",8.0,1000100.0,"203,214.62",,12/01/2026,
Europe for Mental Health,2026,01/01/2026,Collection Ongoing,"Adopt an EU mental health action plan with minimum service standards, prevention measures, and dedicated funding for youth support.",,https://citizens-initiative.europa.eu/initiatives/europe-for-mental-health_en,"{""France"": {""statements_of_support"": ""31,280"", ""threshold"": ""55,500"", ""percentage"": ""56.36%""}, ""Germany"": {""statements_of_support"": ""14,009"", ""threshold"": ""74,250"", ""percentage"": ""18.87%""}, ""Greece"": {""statements_of_support"": ""10,450"", ""threshold"": ""16,500"", ""percentage"": ""63.33%""}, ""Italy"": {""statements_of_support"": ""23,337"", ""threshold"": ""54,750"", ""percentage"": ""42.62%""}, ""Spain"": {""statements_of_support"": ""18,564"", ""threshold"": ""40,500"", ""percentage"": ""45.84%""}}",2.0,97640.0,"183,795.64",,01/03/2026,
Protect EU Digital Sovereignty,2025,10/03/2025,Collection Ongoing,Require the EU to develop and maintain sovereign digital infrastructure reducing dependency on non-EU cloud providers and ensuring EU citizens data is processed exclusively within EU jurisdiction.,,https://citizens-initiative.europa.eu/initiatives/protect-eu-digital-sovereignty_en,,0.0,0.0,0.00,,10/03/2025,
Ban Surveillance Advertising,2025,01/06/2025,Withdrawn,Prohibit the use of personal data for targeted advertising purposes across all digital platforms operating within the European Union to protect citizens privacy and mental health.,,https://citizens-initiative.europa.eu/initiatives/ban-surveillance-advertising_en,,,,,01/06/2025,,
